sl_no,institution_name_raw,institution_address_raw,trust_name,district_name,state,sector,programme,annual_intake,academic_year,page_number,source_url,extraction_timestamp
1,Aadarsh Nursing Institute,"Aadarsh Nursing Institute, Behind Sejbahar Housing Board Colony, Near Kushabhau Thakre University,Murra Road , Raipur, Distt.- Raipur, Chhattisgarh, Pin Code- 492015",Aadarsh Nursing Institute Pvt. Ltd.,Raipur,Chhattisgarh,Private,B.Sc(N),60 (Sixty),2025-2026,1,https://online.indiannursingcouncil.org/Reports/YearlyReportByState.aspx,2026-09-11T11:11:03.581284
2,Aarbee College Of Nursing,"Aarbee College Of Nursing, Ring Road No- 2, Swarn Jayanti Nagar, Bilaspur, Distt.- Bilaspur, Chhattisgarh, Pin Code- 495001",Bilasa Education And Research Foundation,Bilaspur,Chhattisgarh,Private,B.Sc(N),50 (Fifty),2025-2026,1,https://online.indiannursingcouncil.org/Reports/YearlyReportByState.aspx,2026-09-11T11:11:03.581284
3,Aasra Institute Of Nursing,"Aasra Institute Of Nursing, Raghunathpur, Vill.- Jarhadih, Tehsil- Lundra (08), Distt.- Surguja, Chhattisgarh, Pin Code- 497101",Aasra Educational Society,Surguja,Chhattisgarh,Private,GNM,30 (Thirty),2025-2026,1,https://online.indiannursingcouncil.org/Reports/YearlyReportByState.aspx,2026-09-11T11:11:03.581284
3,Aasra Institute Of Nursing,"Aasra Institute Of Nursing, Raghunathpur, Vill.- Jarhadih, Tehsil- Lundra (08), Distt.- Surguja, Chhattisgarh, Pin Code- 497101",Aasra Educational Society,Surguja,Chhattisgarh,Private,B.Sc(N),30 (Thirty),2025-2026,1,https://online.indiannursingcouncil.org/Reports/YearlyReportByState.aspx,2026-09-11T11:11:03.581284
4,Adeshwar Nursing Institute,"Adeshwar Nursing Institute, Jeypore Road Khamhargaon, Jagdalpur , Jagdalpur, Distt.- Baster, Chhattisgarh, Pin Code- 494001",Adeshwar Shikshan Samiti,Baster,Chhattisgarh,Private,Upgraded College of Nursing,40 (Forty),2025-2026,1,https://online.indiannursingcouncil.org/Reports/YearlyReportByState.aspx,2026-09-11T11:11:03.581284
5,Adeshwar Nursing Institute,"Adeshwar Nursing Institute, Patharri, Kanker, Kanker, Distt.- Kanker, Chhattisgarh, Pin Code- 494334",Adeshwar Shikshan Samiti,Kanker,Chhattisgarh,Private,B.Sc(N),40 (Forty),2025-2026,1,https://online.indiannursingcouncil.org/Reports/YearlyReportByState.aspx,2026-09-11T11:11:03.581284
6,All India Institute Of Medical Sciences College Of Nursing,"All India Institute Of Medical Sciences College Of Nursing, G E Road, Tatibandh, , Distt.- Raipur, Chhattisgarh, Pin Code- 492099",Ministry Of Health And Family Welfare,Raipur,Chhattisgarh,Government,B.Sc(N),75 (Seventy Five),2025-2026,1,https://online.indiannursingcouncil.org/Reports/YearlyReportByState.aspx,2026-09-11T11:11:03.581284
7,Apex College Of Nursing,"Apex College Of Nursing, Atal Chowk, Chhatamuda Bypass Road, Raigarh, Distt.- Raigarh, Chhattisgarh, Pin Code- 496001",Goyal Nursing Education Society,Raigarh,Chhattisgarh,Private,B.Sc(N),40 (Forty),2025-2026,1,https://online.indiannursingcouncil.org/Reports/YearlyReportByState.aspx,2026-09-11T11:11:03.581284
8,Apollo College Of Nursing,"Apollo College Of Nursing, In Front Of Veterinary College, Anjora, Durg, Distt.- Durg, Chhattisgarh, Pin Code- 491001",Shrishti Education And Welfare Society,Durg,Chhattisgarh,Private,P B B.Sc(N),30 (Thirty),2025-2026,1,https://online.indiannursingcouncil.org/Reports/YearlyReportByState.aspx,2026-09-11T11:11:03.581284
8,Apollo College Of Nursing,"Apollo College Of Nursing, In Front Of Veterinary College, Anjora, Durg, Distt.- Durg, Chhattisgarh, Pin Code- 491001",Shrishti Education And Welfare Society,Durg,Chhattisgarh,Private,B.Sc(N),60 (Sixty),2025-2026,1,https://online.indiannursingcouncil.org/Reports/YearlyReportByState.aspx,2026-09-11T11:11:03.581284
8,Apollo College Of Nursing,"Apollo College Of Nursing, In Front Of Veterinary College, Anjora, Durg, Distt.- Durg, Chhattisgarh, Pin Code- 491001",Shrishti Education And Welfare Society,Durg,Chhattisgarh,Private,GNM,40 (Forty),2025-2026,1,https://online.indiannursingcouncil.org/Reports/YearlyReportByState.aspx,2026-09-11T11:11:03.581284
8,Apollo College Of Nursing,"Apollo College Of Nursing, In Front Of Veterinary College, Anjora, Durg, Distt.- Durg, Chhattisgarh, Pin Code- 491001",Shrishti Education And Welfare Society,Durg,Chhattisgarh,Private,M. Sc (N),15 (Fifteen) Med Surg-05 Chn-05 Obg-05,2025-2026,1,https://online.indiannursingcouncil.org/Reports/YearlyReportByState.aspx,2026-09-11T11:11:03.581284
9,Bethany College Of Nursing,"Bethany College Of Nursing, Borsi, Durg, Distt.- Durg, Chhattisgarh, Pin Code- 491001",Bethany Seva Sangham,Durg,Chhattisgarh,Private,B.Sc(N),50 (Fifty),2025-2026,1,https://online.indiannursingcouncil.org/Reports/YearlyReportByState.aspx,2026-09-11T11:11:03.581284
10,Bharat Institute Of Nursing,"Bharat Institute Of Nursing, Danitola, Post Office-Bhaisbor, , Distt.- Balod, Chhattisgarh, Pin Code- 491226",Rastogi Education Society,Balod,Chhattisgarh,Private,B.Sc(N),60 (Sixty),2025-2026,1,https://online.indiannursingcouncil.org/Reports/YearlyReportByState.aspx,2026-09-11T11:11:03.581284
11,Bharat Institute Of Nursing,"Bharat Institute Of Nursing, Near Dayanand Puclic School, Kosawadi, Post-Korba, Korba, Distt.- Korba, Chhattisgarh, Pin Code- 495677",Rastogi Education,Korba,Chhattisgarh,Private,B.Sc(N),30 (Thirty),2025-2026,1,https://online.indiannursingcouncil.org/Reports/YearlyReportByState.aspx,2026-09-11T11:11:03.581284
12,Bharati Institute Of Nursing,"Bharati Institute Of Nursing, Bharati Hospital Campus, Main Road, Saraipali, Distt.- Mahasamund, Chhattisgarh, Pin Code- 493558",Bharati Shiksha Swashthya Avum Krishi Vikash Samiti Chhattisgarh,Mahasamund,Chhattisgarh,Private,B.Sc(N),40 (Forty),2025-2026,1,https://online.indiannursingcouncil.org/Reports/YearlyReportByState.aspx,2026-09-11T11:11:03.581284
13,Bharti College Of Nursing,"Bharti College Of Nursing, Pulgaon Chowk, Durg, Distt.- Durg, Chhattisgarh, Pin Code- 491001",Shri Jug Mahadev Education Society,Durg,Chhattisgarh,Private,B.Sc(N),30 (Thirty),2025-2026,1,https://online.indiannursingcouncil.org/Reports/YearlyReportByState.aspx,2026-09-11T11:11:03.581284
14,Bilasa Institute Of Nursing,"Bilasa Institute Of Nursing, Near To Lakhmi Chand Institute Of Technology, Chichirda Road, Bodri, Bilaspur, Distt.- Bilaspur, Chhattisgarh, Pin Code- 495220",Shri Rawatpura Sarkar Lok Kalyan Trust,Bilaspur,Chhattisgarh,Private,B.Sc(N),40 (Forty),2025-2026,1,https://online.indiannursingcouncil.org/Reports/YearlyReportByState.aspx,2026-09-11T11:11:03.581284
15,Birendra Deepak College Of Nursing,"Birendra Deepak College Of Nursing, Village- Jamgaon, Fingeshwar, Vill.- Jamgaon, Tehsil- Fingeshwar, Distt.- Gariyaband, Chhattisgarh, Pin Code- 493992",Samajik Chetna Manch,Gariyaband,Chhattisgarh,Private,B.Sc(N),30 (Thirty),2025-2026,1,https://online.indiannursingcouncil.org/Reports/YearlyReportByState.aspx,2026-09-11T11:11:03.581284
16,Bodhni Devi Nursing Institute,"Bodhni Devi Nursing Institute, Post Box No. 10, Near Late Shri Baliram Kashyap Memorial Medical College, Dimrapal, Vill.- Hajariguda, Tehsil- Jagdalpur, Distt.- Baster, Chhattisgarh, Pin Code- 49",Bodhni Devi Educational Society,Baster,Chhattisgarh,Private,B.Sc(N),50 (Fifty),2025-2026,1,https://online.indiannursingcouncil.org/Reports/YearlyReportByState.aspx,2026-09-11T11:11:03.581284
17,C G Institute Of Nursing,"C G Institute Of Nursing, Near Uslapur Over Bridge, Mungeli Road, Nature City Campus, Vill.- Sakri, Tehsil- Takhatpur, Distt.- Bilaspur, Chhattisgarh, Pin Code- 495001",C G Institute Of Education Pvt Ltd,Bilaspur,Chhattisgarh,Private,GNM,30 (Thirty),2025-2026,1,https://online.indiannursingcouncil.org/Reports/YearlyReportByState.aspx,2026-09-11T11:11:03.581284
17,C G Institute Of Nursing,"C G Institute Of Nursing, Near Uslapur Over Bridge, Mungeli Road, Nature City Campus, Vill.- Sakri, Tehsil- Takhatpur, Distt.- Bilaspur, Chhattisgarh, Pin Code- 495001",C G Institute Of Education Pvt Ltd,Bilaspur,Chhattisgarh,Private,B.Sc(N),60 (Sixty),2025-2026,1,https://online.indiannursingcouncil.org/Reports/YearlyReportByState.aspx,2026-09-11T11:11:03.581284
17,C G Institute Of Nursing,"C G Institute Of Nursing, Near Uslapur Over Bridge, Mungeli Road, Nature City Campus, Vill.- Sakri, Tehsil- Takhatpur, Distt.- Bilaspur, Chhattisgarh, Pin Code- 495001",C G Institute Of Education Pvt Ltd,Bilaspur,Chhattisgarh,Private,P B B.Sc(N),40 (Forty),2025-2026,1,https://online.indiannursingcouncil.org/Reports/YearlyReportByState.aspx,2026-09-11T11:11:03.581284
18,C G School Of Nursing,"C G School Of Nursing, Sector-2, Bajaj Colony, New Rajendra Nagar, Raipur , Distt.- Raipur, Chhattisgarh, Pin Code- 492006",Rishabhdev Education And Research Institute,Raipur,Chhattisgarh,Private,GNM,40 (Forty),2025-2026,1,https://online.indiannursingcouncil.org/Reports/YearlyReportByState.aspx,2026-09-11T11:11:03.581284
18,C G School Of Nursing,"C G School Of Nursing, Sector-2, Bajaj Colony, New Rajendra Nagar, Raipur , Distt.- Raipur, Chhattisgarh, Pin Code- 492006",Rishabhdev Education And Research Institute,Raipur,Chhattisgarh,Private,B.Sc(N),40 (Forty),2025-2026,1,https://online.indiannursingcouncil.org/Reports/YearlyReportByState.aspx,2026-09-11T11:11:03.581284
19,C M Nursing Institute,"C M Nursing Institute, Chandulal Chandrakar Memorial Hospital, Nehru Nagar, Bhilai, Distt.- Durg, Chhattisgarh, Pin Code- 490020",Chandulal Chandrakar Memorial Hospital,Durg,Chhattisgarh,Private,P B B.Sc(N),20 (Twenty),2025-2026,1,https://online.indiannursingcouncil.org/Reports/YearlyReportByState.aspx,2026-09-11T11:11:03.581284
1,C M Nursing Institute,"C M Nursing Institute, Chandulal Chandrakar Memorial Hospital, Nehru Nagar, Bhilai, Distt.- Durg, Chhattisgarh, Pin Code- 490020",Chandulal Chandrakar Memorial Hospital,Durg,Chhattisgarh,Private,B.Sc(N),60 (Sixty),2025-2026,2,https://online.indiannursingcouncil.org/Reports/YearlyReportByState.aspx,2026-09-11T11:11:11.625880
1,C M Nursing Institute,"C M Nursing Institute, Chandulal Chandrakar Memorial Hospital, Nehru Nagar, Bhilai, Distt.- Durg, Chhattisgarh, Pin Code- 490020",Chandulal Chandrakar Memorial Hospital,Durg,Chhattisgarh,Private,M. Sc (N),12 (Twelve) Med Surg-4 Paed-4 Obg-4,2025-2026,2,https://online.indiannursingcouncil.org/Reports/YearlyReportByState.aspx,2026-09-11T11:11:11.625880
2,Career College Of Nursing,"Career College Of Nursing, Loying Road, Post-Jurda, Near Flyover , Vill.- Chitkakani , Tehsil- Raigarh, Distt.- Raigarh, Chhattisgarh, Pin Code- 496001",Career Educom Academy,Raigarh,Chhattisgarh,Private,GNM,25 (Twenty Five),2025-2026,2,https://online.indiannursingcouncil.org/Reports/YearlyReportByState.aspx,2026-09-11T11:11:11.625880
2,Career College Of Nursing,"Career College Of Nursing, Loying Road, Post-Jurda, Near Flyover , Vill.- Chitkakani , Tehsil- Raigarh, Distt.- Raigarh, Chhattisgarh, Pin Code- 496001",Career Educom Academy,Raigarh,Chhattisgarh,Private,B.Sc(N),60 (Sixty),2025-2026,2,https://online.indiannursingcouncil.org/Reports/YearlyReportByState.aspx,2026-09-11T11:11:11.625880
3,Central India College Of Nursing,"Central India College Of Nursing, G.E. Road, Dewada Chowk, Kopedih Road, Vill.- Dewada, Tehsil- Rajnandgaon, Distt.- Rajnandgaon, Chhattisgarh, Pin Code- 491441",Dr. Ramlakhan Gupta Foundation Society,Rajnandgaon,Chhattisgarh,Private,GNM,40 (Forty),2025-2026,2,https://online.indiannursingcouncil.org/Reports/YearlyReportByState.aspx,2026-09-11T11:11:11.625880
3,Central India College Of Nursing,"Central India College Of Nursing, G.E. Road, Dewada Chowk, Kopedih Road, Vill.- Dewada, Tehsil- Rajnandgaon, Distt.- Rajnandgaon, Chhattisgarh, Pin Code- 491441",Dr. Ramlakhan Gupta Foundation Society,Rajnandgaon,Chhattisgarh,Private,B.Sc(N),50 (Fifty),2025-2026,2,https://online.indiannursingcouncil.org/Reports/YearlyReportByState.aspx,2026-09-11T11:11:11.625880
3,Central India College Of Nursing,"Central India College Of Nursing, G.E. Road, Dewada Chowk, Kopedih Road, Vill.- Dewada, Tehsil- Rajnandgaon, Distt.- Rajnandgaon, Chhattisgarh, Pin Code- 491441",Dr. Ramlakhan Gupta Foundation Society,Rajnandgaon,Chhattisgarh,Private,M. Sc (N),5 (Five) Psychiatric Nursing,2025-2026,2,https://online.indiannursingcouncil.org/Reports/YearlyReportByState.aspx,2026-09-11T11:11:11.625880
3,Central India College Of Nursing,"Central India College Of Nursing, G.E. Road, Dewada Chowk, Kopedih Road, Vill.- Dewada, Tehsil- Rajnandgaon, Distt.- Rajnandgaon, Chhattisgarh, Pin Code- 491441",Dr. Ramlakhan Gupta Foundation Society,Rajnandgaon,Chhattisgarh,Private,P B B.Sc(N),30 (Thirty),2025-2026,2,https://online.indiannursingcouncil.org/Reports/YearlyReportByState.aspx,2026-09-11T11:11:11.625880
4,Chhattisgarh Nursing College,"Chhattisgarh Nursing College, Risali , Dhanora Road, Post Office-Hanoda , Bhilai, Distt.- Durg, Chhattisgarh, Pin Code- 491001",Durg Education And Charitable Society,Durg,Chhattisgarh,Private,B.Sc(N),40 (Forty),2025-2026,2,https://online.indiannursingcouncil.org/Reports/YearlyReportByState.aspx,2026-09-11T11:11:11.625880
5,Christ College Of Nursing,"Christ College Of Nursing, Jeypore Road, Adawal, Naktisemra Station Road, Jagdalpur, Distt.- Baster, Chhattisgarh, Pin Code- 494001",Nirmal Vice Province,Baster,Chhattisgarh,Private,B.Sc(N),60 (Sixty),2025-2026,2,https://online.indiannursingcouncil.org/Reports/YearlyReportByState.aspx,2026-09-11T11:11:11.625880
6,Christian Hospital School Of Nursing,"Christian Hospital School Of Nursing, Mungeli, Mungeli, Distt.- Mungeli, Chhattisgarh, Pin Code- 495334",Eastern Regional Board Of Health Services Society,Mungeli,Chhattisgarh,Private,GNM,30 (Thirty),2025-2026,2,https://online.indiannursingcouncil.org/Reports/YearlyReportByState.aspx,2026-09-11T11:11:11.625880
7,College Of Nursing Apollo Hospitals,"College Of Nursing Apollo Hospitals, Apollo Hospitals Campus, Seepat Road , Vill.- Lingiyadih, Tehsil- Belha, Distt.- Bilaspur, Chhattisgarh, Pin Code- 495006",Apollo Hospitals Educational Trust,Bilaspur,Chhattisgarh,Private,B.Sc(N),60 (Sixty),2025-2026,2,https://online.indiannursingcouncil.org/Reports/YearlyReportByState.aspx,2026-09-11T11:11:11.625880
7,College Of Nursing Apollo Hospitals,"College Of Nursing Apollo Hospitals, Apollo Hospitals Campus, Seepat Road , Vill.- Lingiyadih, Tehsil- Belha, Distt.- Bilaspur, Chhattisgarh, Pin Code- 495006",Apollo Hospitals Educational Trust,Bilaspur,Chhattisgarh,Private,M. Sc (N),"CHN-06, MED SUR-05, PSY-05",2025-2026,2,https://online.indiannursingcouncil.org/Reports/YearlyReportByState.aspx,2026-09-11T11:11:11.625880
8,College Of Nursing Modern Medical Institute,"College Of Nursing Modern Medical Institute, Dhamtari Road, Lalpur, Raipur, Distt.- Raipur, Chhattisgarh, Pin Code- 492001",Modern Medical Institute,Raipur,Chhattisgarh,Private,B.Sc(N),100 (One Hundred),2025-2026,2,https://online.indiannursingcouncil.org/Reports/YearlyReportByState.aspx,2026-09-11T11:11:11.625880
8,College Of Nursing Modern Medical Institute,"College Of Nursing Modern Medical Institute, Dhamtari Road, Lalpur, Raipur, Distt.- Raipur, Chhattisgarh, Pin Code- 492001",Modern Medical Institute,Raipur,Chhattisgarh,Private,M. Sc (N),"20 (Twenty) OBG-05, Med-Surg- 10, CHN-05",2025-2026,2,https://online.indiannursingcouncil.org/Reports/YearlyReportByState.aspx,2026-09-11T11:11:11.625880
9,College Of Nursing,"College Of Nursing, Dhamtari Christian Hospital, Dhamtari, Distt.- Dhamtari, Chhattisgarh, Pin Code- 493773",The Mennonite Medical Board,Dhamtari,Chhattisgarh,Private,B.Sc(N),60 (Sixty),2025-2026,2,https://online.indiannursingcouncil.org/Reports/YearlyReportByState.aspx,2026-09-11T11:11:11.625880
9,College Of Nursing,"College Of Nursing, Dhamtari Christian Hospital, Dhamtari, Distt.- Dhamtari, Chhattisgarh, Pin Code- 493773",The Mennonite Medical Board,Dhamtari,Chhattisgarh,Private,GNM,20 (Twenty),2025-2026,2,https://online.indiannursingcouncil.org/Reports/YearlyReportByState.aspx,2026-09-11T11:11:11.625880
9,College Of Nursing,"College Of Nursing, Dhamtari Christian Hospital, Dhamtari, Distt.- Dhamtari, Chhattisgarh, Pin Code- 493773",The Mennonite Medical Board,Dhamtari,Chhattisgarh,Private,M. Sc (N),20 (Twenty) Med-Surg-5 Psy-5 Paed-5 Chn-5,2025-2026,2,https://online.indiannursingcouncil.org/Reports/YearlyReportByState.aspx,2026-09-11T11:11:11.625880
9,College Of Nursing,"College Of Nursing, Dhamtari Christian Hospital, Dhamtari, Distt.- Dhamtari, Chhattisgarh, Pin Code- 493773",The Mennonite Medical Board,Dhamtari,Chhattisgarh,Private,P B B.Sc(N),20 (Twenty),2025-2026,2,https://online.indiannursingcouncil.org/Reports/YearlyReportByState.aspx,2026-09-11T11:11:11.625880
10,Columbia College Of Nursing,"Columbia College Of Nursing, Near Vidhan Sabha, Vill.- Tekari, Tehsil- Raipur, Distt.- Raipur, Chhattisgarh, Pin Code- 493111",Janpragati Education Society,Raipur,Chhattisgarh,Private,B.Sc(N),50 (Fifty),2025-2026,2,https://online.indiannursingcouncil.org/Reports/YearlyReportByState.aspx,2026-09-11T11:11:11.625880
10,Columbia College Of Nursing,"Columbia College Of Nursing, Near Vidhan Sabha, Vill.- Tekari, Tehsil- Raipur, Distt.- Raipur, Chhattisgarh, Pin Code- 493111",Janpragati Education Society,Raipur,Chhattisgarh,Private,M. Sc (N),"06 (Six) Med- Surg.- 03, Obg- 01, Chn-01, Pead.- 01",2025-2026,2,https://online.indiannursingcouncil.org/Reports/YearlyReportByState.aspx,2026-09-11T11:11:11.625880
11,Confluence College Of Nursing,"Confluence College Of Nursing,, Parri Road, Near I.P.S. Public School, Rajnandgaon , Distt.- Rajnandgaon, Chhattisgarh, Pin Code- 491441",Friend Shikshan Samiti,Rajnandgaon,Chhattisgarh,Private,B.Sc(N),60 (Sixty),2025-2026,2,https://online.indiannursingcouncil.org/Reports/YearlyReportByState.aspx,2026-09-11T11:11:11.625880
12,Disha Institute Of Medical Sciences,"Disha Institute Of Medical Sciences, Satya Vihar, Vidhan Sabha-Chandkhuri Marg, Vill.- Pacheda, Tehsil- Arang, Distt.- Raipur, Chhattisgarh, Pin Code- 492101",Disha Education Society,Raipur,Chhattisgarh,Private,B.Sc(N),60 (Sixty),2025-2026,2,https://online.indiannursingcouncil.org/Reports/YearlyReportByState.aspx,2026-09-11T11:11:11.625880
13,Dr. Rajendra Prasad College Of Nursing,"Dr. Rajendra Prasad College Of Nursing, Dhanora Road, Near Railway Crossing,Risali, Bhilai Nagar, Bhilai, Distt.- Durg, Chhattisgarh, Pin Code- 490006",Dr Rajendra Prasad Swarnakar Shikshan Samiti,Durg,Chhattisgarh,Private,B.Sc(N),40 (Forty),2025-2026,2,https://online.indiannursingcouncil.org/Reports/YearlyReportByState.aspx,2026-09-11T11:11:11.625880
14,Fellowship School Of Nursing,"Fellowship School Of Nursing, Plot No. 1857/10, Bhaleshsar Road Ward No.-29, Near To Gas Godown, Mahasamund, Distt.- Mahasamund, Chhattisgarh, Pin Code- 493445",Fellowship Educational And Charitable Organization,Mahasamund,Chhattisgarh,Private,GNM,30 (Thirty),2025-2026,2,https://online.indiannursingcouncil.org/Reports/YearlyReportByState.aspx,2026-09-11T11:11:11.625880
15,Florence College Of Nursing,"Florence College Of Nursing, Raipur Road, Village-Limtara, Post-Sambalpur, Vill.- Limtara, Tehsil- Dhamtari, Distt.- Dhamtari, Chhattisgarh, Pin Code- 493773",Sanjeevan Foundation,Dhamtari,Chhattisgarh,Private,B.Sc(N),40 (Forty),2025-2026,2,https://online.indiannursingcouncil.org/Reports/YearlyReportByState.aspx,2026-09-11T11:11:11.625880
16,G N M Training Centre,"G N M Training Centre, Karli, Post- Karli, Dantewada, Distt.- Dantewada, Chhattisgarh, Pin Code- 494441",Government Of Chhattisgarh,Dantewada,Chhattisgarh,Government,GNM,30 (Thirty),2025-2026,2,https://online.indiannursingcouncil.org/Reports/YearlyReportByState.aspx,2026-09-11T11:11:11.625880
17,Gautam College Of Nursing,"Gautam College Of Nursing, Near Atal Chowk, Chikhlakasa, Dalli Rajhara, Distt.- Durg, Chhattisgarh, Pin Code- 491228",Asha Shri Sai Prakritik Chikitsha Seva Samiti,Durg,Chhattisgarh,Private,B.Sc(N),40 (Forty),2025-2026,2,https://online.indiannursingcouncil.org/Reports/YearlyReportByState.aspx,2026-09-11T11:11:11.625880
18,Gayatri College Of Nursing,"Gayatri College Of Nursing, Bailadila Road, Kumharraas,, Dantewada, Distt.- Dantewada, Chhattisgarh, Pin Code- 494449",Gayatri Educational Institute Of Technology,Dantewada,Chhattisgarh,Private,GNM,40 (Forty),2025-2026,2,https://online.indiannursingcouncil.org/Reports/YearlyReportByState.aspx,2026-09-11T11:11:11.625880
1,Gayatri College Of Nursing,"Gayatri College Of Nursing, Bailadila Road, Kumharraas,, Dantewada, Distt.- Dantewada, Chhattisgarh, Pin Code- 494449",Gayatri Educational Institute Of Technology,Dantewada,Chhattisgarh,Private,B.Sc(N),50 (FIFTY),2025-2026,3,https://online.indiannursingcouncil.org/Reports/YearlyReportByState.aspx,2026-09-11T11:11:19.524554
2,Gayatri Institute Of Nursing,"Gayatri Institute Of Nursing, Shiv Mandir Ward No. 03, New Bridge, Panarapara, Dongaghat, Raipur Road, Jagdalpur, Jagdalpur, Distt.- Baster, Chhattisgarh, Pin Code- 494001",Gayatri Educational Institute Of Technology,Baster,Chhattisgarh,Private,GNM,30 (Thirty),2025-2026,3,https://online.indiannursingcouncil.org/Reports/YearlyReportByState.aspx,2026-09-11T11:11:19.524554
2,Gayatri Institute Of Nursing,"Gayatri Institute Of Nursing, Shiv Mandir Ward No. 03, New Bridge, Panarapara, Dongaghat, Raipur Road, Jagdalpur, Jagdalpur, Distt.- Baster, Chhattisgarh, Pin Code- 494001",Gayatri Educational Institute Of Technology,Baster,Chhattisgarh,Private,B.Sc(N),40 (Forty),2025-2026,3,https://online.indiannursingcouncil.org/Reports/YearlyReportByState.aspx,2026-09-11T11:11:19.524554
3,Government College Of Nursing,"Government College Of Nursing, Behind Bharat Ratna Lt. Shri Atal Bihari Vajpayee Memorial College Premises, Pendri, Rajnandgaon, Distt.- Rajnandgaon, Chhattisgarh, Pin Code- 491441",Government Of Chhattisgarh,Rajnandgaon,Chhattisgarh,Government,B.Sc(N),50 (Fifty),2025-2026,3,https://online.indiannursingcouncil.org/Reports/YearlyReportByState.aspx,2026-09-11T11:11:19.524554
3,Government College Of Nursing,"Government College Of Nursing, Behind Bharat Ratna Lt. Shri Atal Bihari Vajpayee Memorial College Premises, Pendri, Rajnandgaon, Distt.- Rajnandgaon, Chhattisgarh, Pin Code- 491441",Government Of Chhattisgarh,Rajnandgaon,Chhattisgarh,Government,M. Sc (N),17 (Seventeen) Med Surg-05 Paed-03 Chn-03 Obg-03 Psy-03,2025-2026,3,https://online.indiannursingcouncil.org/Reports/YearlyReportByState.aspx,2026-09-11T11:11:19.524554
4,Government College Of Nursing,"Government College Of Nursing, Behind Pt. J L N M Medical College Campus, Near Redcross Blood Bank , Raipur, Distt.- Raipur, Chhattisgarh, Pin Code- 492001",Govt. Of Chhattisgarh,Raipur,Chhattisgarh,Government,B.Sc(N),50 (Fifty),2025-2026,3,https://online.indiannursingcouncil.org/Reports/YearlyReportByState.aspx,2026-09-11T11:11:19.524554
4,Government College Of Nursing,"Government College Of Nursing, Behind Pt. J L N M Medical College Campus, Near Redcross Blood Bank , Raipur, Distt.- Raipur, Chhattisgarh, Pin Code- 492001",Govt. Of Chhattisgarh,Raipur,Chhattisgarh,Government,M. Sc (N),30 (Thirty) Med-Surg-5 Psy-5 Paed-5 Obg-10 Chn-5,2025-2026,3,https://online.indiannursingcouncil.org/Reports/YearlyReportByState.aspx,2026-09-11T11:11:19.524554
4,Government College Of Nursing,"Government College Of Nursing, Behind Pt. J L N M Medical College Campus, Near Redcross Blood Bank , Raipur, Distt.- Raipur, Chhattisgarh, Pin Code- 492001",Govt. Of Chhattisgarh,Raipur,Chhattisgarh,Government,P B B.Sc(N),20 (Twenty),2025-2026,3,https://online.indiannursingcouncil.org/Reports/YearlyReportByState.aspx,2026-09-11T11:11:19.524554
4,Government College Of Nursing,"Government College Of Nursing, Behind Pt. J L N M Medical College Campus, Near Redcross Blood Bank , Raipur, Distt.- Raipur, Chhattisgarh, Pin Code- 492001",Govt. Of Chhattisgarh,Raipur,Chhattisgarh,Government,Post Basic Diploma in Psychiatric nsg.,10 (Ten),2025-2026,3,https://online.indiannursingcouncil.org/Reports/YearlyReportByState.aspx,2026-09-11T11:11:19.524554
5,Government College Of Nursing,"Government College Of Nursing, Jila Pariyojna Livelihood College, 1St Floor, Namnakala, Ambikapur , Distt.- Surguja, Chhattisgarh, Pin Code- 497001",Chhattisgarh State Government,Surguja,Chhattisgarh,Government,B.Sc(N),40 (Forty),2025-2026,3,https://online.indiannursingcouncil.org/Reports/YearlyReportByState.aspx,2026-09-11T11:11:19.524554
5,Government College Of Nursing,"Government College Of Nursing, Jila Pariyojna Livelihood College, 1St Floor, Namnakala, Ambikapur , Distt.- Surguja, Chhattisgarh, Pin Code- 497001",Chhattisgarh State Government,Surguja,Chhattisgarh,Government,M. Sc (N),25 (Twenty Five) Med Surg-10 Paed-02 Obg-05 Chn-03 Psy-05,2025-2026,3,https://online.indiannursingcouncil.org/Reports/YearlyReportByState.aspx,2026-09-11T11:11:19.524554
6,Government College Of Nursing,"Government College Of Nursing, Late Shri Lakhiram Agrawal Memorial Government Medical College Campus, T.V Tower Road, Benderchua, Raigarh , Distt.- Raigarh, Chhattisgarh, Pin Code- 496001",Chhattisgarh State Government,Raigarh,Chhattisgarh,Government,M. Sc (N),"25 (Twenty Five) Med Surg-5, Chn-5, Obg-5, Psy-5, Paed-5",2025-2026,3,https://online.indiannursingcouncil.org/Reports/YearlyReportByState.aspx,2026-09-11T11:11:19.524554
6,Government College Of Nursing,"Government College Of Nursing, Late Shri Lakhiram Agrawal Memorial Government Medical College Campus, T.V Tower Road, Benderchua, Raigarh , Distt.- Raigarh, Chhattisgarh, Pin Code- 496001",Chhattisgarh State Government,Raigarh,Chhattisgarh,Government,B.Sc(N),60 (Sixty),2025-2026,3,https://online.indiannursingcouncil.org/Reports/YearlyReportByState.aspx,2026-09-11T11:11:19.524554
7,Government College Of Nursing,"Government College Of Nursing, Near To R T O Office, Ceepat Road, Lagra, Bilaspur, Distt.- Bilaspur, Chhattisgarh, Pin Code- 495006",Chhattisgarh State Government,Bilaspur,Chhattisgarh,Government,B.Sc(N),60 (Sixty),2025-2026,3,https://online.indiannursingcouncil.org/Reports/YearlyReportByState.aspx,2026-09-11T11:11:19.524554
7,Government College Of Nursing,"Government College Of Nursing, Near To R T O Office, Ceepat Road, Lagra, Bilaspur, Distt.- Bilaspur, Chhattisgarh, Pin Code- 495006",Chhattisgarh State Government,Bilaspur,Chhattisgarh,Government,M. Sc (N),20 (Twenty),2025-2026,3,https://online.indiannursingcouncil.org/Reports/YearlyReportByState.aspx,2026-09-11T11:11:19.524554
8,Government G N M School Of Nursing,"Government G N M School Of Nursing, Near The District Hospital Mahasamund, Vill.- Kharora, Tehsil- Mahasamund, Distt.- Mahasamund, Chhattisgarh, Pin Code- 493445",Government Of Chhattisgarh,Mahasamund,Chhattisgarh,Government,GNM,50 (Fifty),2025-2026,3,https://online.indiannursingcouncil.org/Reports/YearlyReportByState.aspx,2026-09-11T11:11:19.524554
9,Government G N M Training Centre,"Government G N M Training Centre, Prayas Hostel, Behind New Dedicated Corona Care Hospital, Imlipara, Kanker, Distt.- Kanker, Chhattisgarh, Pin Code- 494337",Government Of Chhattisgarh,Kanker,Chhattisgarh,Government,GNM,40 (Forty),2025-2026,3,https://online.indiannursingcouncil.org/Reports/YearlyReportByState.aspx,2026-09-11T11:11:19.524554
10,Government School Of Nursing,"Government School Of Nursing, Maharani Hospital Campus, Infront Of Civil Surgeon Office, Jagdalpur, Distt.- Baster, Chhattisgarh, Pin Code- 494001",Chhattisgarh Government,Baster,Chhattisgarh,Government,GNM,25 (Twenty Five),2025-2026,3,https://online.indiannursingcouncil.org/Reports/YearlyReportByState.aspx,2026-09-11T11:11:19.524554
11,Govt. General Nursing And Midwifery Training Center,"Govt. General Nursing And Midwifery Training Center, Durg District Hospital Campus, Durg, Distt.- Durg, Chhattisgarh, Pin Code- 491001",Govt. Of Chhattisgarh,Durg,Chhattisgarh,Government,GNM,30 (Thirty),2025-2026,3,https://online.indiannursingcouncil.org/Reports/YearlyReportByState.aspx,2026-09-11T11:11:19.524554
11,Govt. General Nursing And Midwifery Training Center,"Govt. General Nursing And Midwifery Training Center, Durg District Hospital Campus, Durg, Distt.- Durg, Chhattisgarh, Pin Code- 491001",Govt. Of Chhattisgarh,Durg,Chhattisgarh,Government,B.Sc(N),50 (Fifty),2025-2026,3,https://online.indiannursingcouncil.org/Reports/YearlyReportByState.aspx,2026-09-11T11:11:19.524554
11,Govt. General Nursing And Midwifery Training Center,"Govt. General Nursing And Midwifery Training Center, Durg District Hospital Campus, Durg, Distt.- Durg, Chhattisgarh, Pin Code- 491001",Govt. Of Chhattisgarh,Durg,Chhattisgarh,Government,M. Sc (N),15 (Fifteen) Obg-08 Med Surg-02 Chn-02 Psy-03,2025-2026,3,https://online.indiannursingcouncil.org/Reports/YearlyReportByState.aspx,2026-09-11T11:11:19.524554
12,Gracious College Of Nursing,"Gracious College Of Nursing, Newari, Rabeli Road, Kabirdham, Vill.- Newari, Tehsil- Kawardha, Distt.- Kawardha, Chhattisgarh, Pin Code- 491995",Manav Mitra,Kawardha,Chhattisgarh,Private,B.Sc(N),50 (Fifty),2025-2026,3,https://online.indiannursingcouncil.org/Reports/YearlyReportByState.aspx,2026-09-11T11:11:19.524554
12,Gracious College Of Nursing,"Gracious College Of Nursing, Newari, Rabeli Road, Kabirdham, Vill.- Newari, Tehsil- Kawardha, Distt.- Kawardha, Chhattisgarh, Pin Code- 491995",Manav Mitra,Kawardha,Chhattisgarh,Private,M. Sc (N),30 (Thirty),2025-2026,3,https://online.indiannursingcouncil.org/Reports/YearlyReportByState.aspx,2026-09-11T11:11:19.524554
12,Gracious College Of Nursing,"Gracious College Of Nursing, Newari, Rabeli Road, Kabirdham, Vill.- Newari, Tehsil- Kawardha, Distt.- Kawardha, Chhattisgarh, Pin Code- 491995",Manav Mitra,Kawardha,Chhattisgarh,Private,P B B.Sc(N),50 (Fifty),2025-2026,3,https://online.indiannursingcouncil.org/Reports/YearlyReportByState.aspx,2026-09-11T11:11:19.524554
13,Gracious College Of Nursing,"Gracious College Of Nursing, Post Office-Jamgaon, Vill.- Belbhata, Tehsil- Abhanpur, Distt.- Raipur, Chhattisgarh, Pin Code- 493661",Manav Mitra Samiti,Raipur,Chhattisgarh,Private,B.Sc(N),60 (Sixty),2025-2026,3,https://online.indiannursingcouncil.org/Reports/YearlyReportByState.aspx,2026-09-11T11:11:19.524554
13,Gracious College Of Nursing,"Gracious College Of Nursing, Post Office-Jamgaon, Vill.- Belbhata, Tehsil- Abhanpur, Distt.- Raipur, Chhattisgarh, Pin Code- 493661",Manav Mitra Samiti,Raipur,Chhattisgarh,Private,GNM,60 (Sixty),2025-2026,3,https://online.indiannursingcouncil.org/Reports/YearlyReportByState.aspx,2026-09-11T11:11:19.524554
13,Gracious College Of Nursing,"Gracious College Of Nursing, Post Office-Jamgaon, Vill.- Belbhata, Tehsil- Abhanpur, Distt.- Raipur, Chhattisgarh, Pin Code- 493661",Manav Mitra Samiti,Raipur,Chhattisgarh,Private,M. Sc (N),35 (Thirty Five) 7 In Each Speciality,2025-2026,3,https://online.indiannursingcouncil.org/Reports/YearlyReportByState.aspx,2026-09-11T11:11:19.524554
13,Gracious College Of Nursing,"Gracious College Of Nursing, Post Office-Jamgaon, Vill.- Belbhata, Tehsil- Abhanpur, Distt.- Raipur, Chhattisgarh, Pin Code- 493661",Manav Mitra Samiti,Raipur,Chhattisgarh,Private,P B B.Sc(N),40 (Forty),2025-2026,3,https://online.indiannursingcouncil.org/Reports/YearlyReportByState.aspx,2026-09-11T11:11:19.524554
14,Gurukul Nursing College Pathalgaon,"Gurukul Nursing College Pathalgaon, Palidih Pathalgaon, Dist.-Jashpur Cg, Pathalgaon, Distt.- Jashpur, Chhattisgarh, Pin Code- 496118",Shanti Niketan Shikshan Sewa Samiti,Jashpur,Chhattisgarh,Private,B.Sc(N),60 (Sixty),2025-2026,3,https://online.indiannursingcouncil.org/Reports/YearlyReportByState.aspx,2026-09-11T11:11:19.524554
1,Hardik College Of Nursing,"Hardik College Of Nursing, Infront Of Rajkumar College Gate, G.E. Road, Choubey Colony, Raipur, Distt.- Raipur, Chhattisgarh, Pin Code- 492001",Hardik Sunil Foundation Trust,Raipur,Chhattisgarh,Private,B.Sc(N),40 (Forty),2025-2026,4,https://online.indiannursingcouncil.org/Reports/YearlyReportByState.aspx,2026-09-11T11:11:27.830494
2,Holy Cross College Of Nursing,"Holy Cross College Of Nursing, Kedarpur, P.O.-Ambikapur, Ambikapur, Distt.- Surguja, Chhattisgarh, Pin Code- 497001",Holy Cross Institute Kedarpur Ambikapur,Surguja,Chhattisgarh,Private,B.Sc(N),60 (Sixty),2025-2026,4,https://online.indiannursingcouncil.org/Reports/YearlyReportByState.aspx,2026-09-11T11:11:27.830494
2,Holy Cross College Of Nursing,"Holy Cross College Of Nursing, Kedarpur, P.O.-Ambikapur, Ambikapur, Distt.- Surguja, Chhattisgarh, Pin Code- 497001",Holy Cross Institute Kedarpur Ambikapur,Surguja,Chhattisgarh,Private,M. Sc (N),22 (Twenty Two),2025-2026,4,https://online.indiannursingcouncil.org/Reports/YearlyReportByState.aspx,2026-09-11T11:11:27.830494
2,Holy Cross College Of Nursing,"Holy Cross College Of Nursing, Kedarpur, P.O.-Ambikapur, Ambikapur, Distt.- Surguja, Chhattisgarh, Pin Code- 497001",Holy Cross Institute Kedarpur Ambikapur,Surguja,Chhattisgarh,Private,P B B.Sc(N),25 (Twenty Five),2025-2026,4,https://online.indiannursingcouncil.org/Reports/YearlyReportByState.aspx,2026-09-11T11:11:27.830494
3,Hopes Institute Of Nursing,"Hopes Institute Of Nursing, Near Saraswati Higher Secondary School, Sitamani Chowk, Korba, Distt.- Korba, Chhattisgarh, Pin Code- 495677",Jai Mata Di Educational And Welfare Society,Korba,Chhattisgarh,Private,B.Sc(N),20 (Twenty),2025-2026,4,https://online.indiannursingcouncil.org/Reports/YearlyReportByState.aspx,2026-09-11T11:11:27.830494
4,Institute Of General Nursing Training Centre,"Institute Of General Nursing Training Centre, Bharuhamunda Road, Krishnpur (Kaluwa), M G Road, Surajpur, Surajpur, Distt.- Surajpur, Chhattisgarh, Pin Code- 497229",Bahhudesiya Swasthya Sikshan Samiti,Surajpur,Chhattisgarh,Private,GNM,30 (Thirty),2025-2026,4,https://online.indiannursingcouncil.org/Reports/YearlyReportByState.aspx,2026-09-11T11:11:27.830494
5,J E S College Of Nursing,"J E S College Of Nursing, Near Gatora Railway Station, Vill.- Farhad, Tehsil- Bilaspur, Distt.- Bilaspur, Chhattisgarh, Pin Code- 495001",Jamia Education Society,Bilaspur,Chhattisgarh,Private,B.Sc(N),30 (Thirty),2025-2026,4,https://online.indiannursingcouncil.org/Reports/YearlyReportByState.aspx,2026-09-11T11:11:27.830494
6,J M J Morning Star College Of Nursing,"J M J Morning Star College Of Nursing, Morning Star Convent, Pahad Mandhir Road, Raigarh, Distt.- Raigarh, Chhattisgarh, Pin Code- 496001",Soc. Jesus Maryjoseph,Raigarh,Chhattisgarh,Private,B.Sc(N),50 (Fifty),2025-2026,4,https://online.indiannursingcouncil.org/Reports/YearlyReportByState.aspx,2026-09-11T11:11:27.830494
7,Jagadguru Shankaracharya College Of Nursing,"Jagadguru Shankaracharya College Of Nursing, Old Dhamtari Road, P.O.- Sejbahar, Vill.- Mujgahan, Tehsil- Raipur, Distt.- Raipur, Chhattisgarh, Pin Code- 492015",Shri Gangajali Education Society,Raipur,Chhattisgarh,Private,B.Sc(N),40 (Forty),2025-2026,4,https://online.indiannursingcouncil.org/Reports/YearlyReportByState.aspx,2026-09-11T11:11:27.830494
7,Jagadguru Shankaracharya College Of Nursing,"Jagadguru Shankaracharya College Of Nursing, Old Dhamtari Road, P.O.- Sejbahar, Vill.- Mujgahan, Tehsil- Raipur, Distt.- Raipur, Chhattisgarh, Pin Code- 492015",Shri Gangajali Education Society,Raipur,Chhattisgarh,Private,M. Sc (N),"20 (Twenty) Med-Surg-10, Pead-2, Obg-3, Chn-3, Psy-2",2025-2026,4,https://online.indiannursingcouncil.org/Reports/YearlyReportByState.aspx,2026-09-11T11:11:27.830494
8,Jagdalpur Institute Of Nursing,"Jagdalpur Institute Of Nursing, Aadeshwar Acedemy Campus Halba Kachora, Aadawal, Jagdalpur, Distt.- Baster, Chhattisgarh, Pin Code- 494001",Shri Rawatpura Sarkar Lok Kalyan Trust,Baster,Chhattisgarh,Private,GNM,30 (Thirty),2025-2026,4,https://online.indiannursingcouncil.org/Reports/YearlyReportByState.aspx,2026-09-11T11:11:27.830494
8,Jagdalpur Institute Of Nursing,"Jagdalpur Institute Of Nursing, Aadeshwar Acedemy Campus Halba Kachora, Aadawal, Jagdalpur, Distt.- Baster, Chhattisgarh, Pin Code- 494001",Shri Rawatpura Sarkar Lok Kalyan Trust,Baster,Chhattisgarh,Private,B.Sc(N),40 (Forty),2025-2026,4,https://online.indiannursingcouncil.org/Reports/YearlyReportByState.aspx,2026-09-11T11:11:27.830494
9,K B Patel College Of Nursing,"K B Patel College Of Nursing, Nagpur Road, Chirimiri, Mahendragarh, Distt.- Koria, Chhattisgarh, Pin Code- 497449",Koriya Balika Kalyan Samiti,Koria,Chhattisgarh,Private,GNM,40 (Forty),2025-2026,4,https://online.indiannursingcouncil.org/Reports/YearlyReportByState.aspx,2026-09-11T11:11:27.830494
9,K B Patel College Of Nursing,"K B Patel College Of Nursing, Nagpur Road, Chirimiri, Mahendragarh, Distt.- Koria, Chhattisgarh, Pin Code- 497449",Koriya Balika Kalyan Samiti,Koria,Chhattisgarh,Private,B.Sc(N),40 (Forty),2025-2026,4,https://online.indiannursingcouncil.org/Reports/YearlyReportByState.aspx,2026-09-11T11:11:27.830494
10,Kismat Nursing College,"Kismat Nursing College , Village - Kanchannagar, Post - Aaragahi,Thana + Tahesil - Ramanujganj, Dist - Balrampur C.G., Ramanujganj, Distt.- Balrampur, Chhattisgarh, Pin Code- 497220",Kismat Multipurpose Society,Balrampur,Chhattisgarh,Private,B.Sc(N),40 (Forty),2025-2026,4,https://online.indiannursingcouncil.org/Reports/YearlyReportByState.aspx,2026-09-11T11:11:27.830494
11,Leela Devi College Of Nursing,"Leela Devi College Of Nursing , Block-C Leela's Knowledge Park ,Gram- Motipur Tah-Patan Dist-Durg 491111, Durg , Distt.- Durg, Chhattisgarh, Pin Code- 491111",Leela's Foundation For Education And Health,Durg,Chhattisgarh,Private,B.Sc(N),40 (Forty),2025-2026,4,https://online.indiannursingcouncil.org/Reports/YearlyReportByState.aspx,2026-09-11T11:11:27.830494
12,Leelas Institute Of Medical Sciences College Of Nursing,"Leelas Institute Of Medical Sciences College Of Nursing, New Rajendra Nagar, Raipur (C.G.) , Raipur, Distt.- Raipur, Chhattisgarh, Pin Code- 492001",Leelas Foundation For Education And Health,Raipur,Chhattisgarh,Private,B.Sc(N),40 (Forty),2025-2026,4,https://online.indiannursingcouncil.org/Reports/YearlyReportByState.aspx,2026-09-11T11:11:27.830494
13,Life Care College Of Nursing,"Life Care College Of Nursing, Panchsheel Nagar,Balodabazar, Balodabazar, Distt.- Baloda Bazar, Chhattisgarh, Pin Code- 493332",Rajshri Sadbhavna Samiti,Baloda Bazar,Chhattisgarh,Private,B.Sc(N),60 (Sixty),2025-2026,4,https://online.indiannursingcouncil.org/Reports/YearlyReportByState.aspx,2026-09-11T11:11:27.830494
14,Lovekush Institute Of Nursing,"Lovekush Institute Of Nursing , Gandhi Chowk, Mararpara, Kondagaon, Distt.- Kondagaon, Chhattisgarh, Pin Code- 494226",Lovekush Education Institute Of Technology,Kondagaon,Chhattisgarh,Private,B.Sc(N),30 (Thirty),2025-2026,4,https://online.indiannursingcouncil.org/Reports/YearlyReportByState.aspx,2026-09-11T11:11:27.830494
15,M J College Of Nursing,"M J College Of Nursing, Opposite C.S.E.B. Substation Kohka, Junwani Road, Bhilai , Distt.- Durg, Chhattisgarh, Pin Code- 490023",Maa Jagdambe Educational Society,Durg,Chhattisgarh,Private,B.Sc(N),50 (Fifty),2025-2026,4,https://online.indiannursingcouncil.org/Reports/YearlyReportByState.aspx,2026-09-11T11:11:27.830494
16,Maa Mangala School Of Nursing,"Maa Mangala School Of Nursing, Kondatarai, Post Office-Raigarh , Vill.- Loharsingh, Tehsil- Pushor, Distt.- Raigarh, Chhattisgarh, Pin Code- 496100",Sarvada Srijan Shikshan Aum Sewa Sansthan,Raigarh,Chhattisgarh,Private,GNM,40 (Forty),2025-2026,4,https://online.indiannursingcouncil.org/Reports/YearlyReportByState.aspx,2026-09-11T11:11:27.830494
17,Mahadev Hospital College Of Nursing,"Mahadev Hospital College Of Nursing, Mission Hospital Compound, Idgah Chowk, Bilaspur, Distt.- Bilaspur, Chhattisgarh, Pin Code- 495001",Jai Mata Di Educational And Welfare Society,Bilaspur,Chhattisgarh,Private,B.Sc(N),40 (Forty),2025-2026,4,https://online.indiannursingcouncil.org/Reports/YearlyReportByState.aspx,2026-09-11T11:11:27.830494
18,Maharana Pratap College Of Nursing,"Maharana Pratap College Of Nursing, Infront Of Rishabh Enclave, New Rajendra Nagar, Raipur, Distt.- Raipur, Chhattisgarh, Pin Code- 492001",Amar Singh Rathor Shikshan Samiti,Raipur,Chhattisgarh,Private,B.Sc(N),40 (Forty),2025-2026,4,https://online.indiannursingcouncil.org/Reports/YearlyReportByState.aspx,2026-09-11T11:11:27.830494
19,Maitri College Of Nursing,"Maitri College Of Nursing, Maitri Educational Society, Patwari Halka No-05, Khasra No-485/2, G.E. Road, Anjora, Durg, Distt.- Durg, Chhattisgarh, Pin Code- 491001",Maitri Educational Society,Durg,Chhattisgarh,Private,B.Sc(N),60 (Sixty),2025-2026,4,https://online.indiannursingcouncil.org/Reports/YearlyReportByState.aspx,2026-09-11T11:11:27.830494
19,Maitri College Of Nursing,"Maitri College Of Nursing, Maitri Educational Society, Patwari Halka No-05, Khasra No-485/2, G.E. Road, Anjora, Durg, Distt.- Durg, Chhattisgarh, Pin Code- 491001",Maitri Educational Society,Durg,Chhattisgarh,Private,M. Sc (N),20 (Twenty),2025-2026,4,https://online.indiannursingcouncil.org/Reports/YearlyReportByState.aspx,2026-09-11T11:11:27.830494
20,Mark Institute Of Nursing,"Mark Institute Of Nursing, Near Rajasva Colony, Chantidih Road Sarkanda, Bilaspur, Distt.- Bilaspur, Chhattisgarh, Pin Code- 495006",Mark Educational Welfare Society,Bilaspur,Chhattisgarh,Private,B.Sc(N),25 (Twenty Five),2025-2026,4,https://online.indiannursingcouncil.org/Reports/YearlyReportByState.aspx,2026-09-11T11:11:27.830494
21,Maruti Institute Of Nursing,"Maruti Institute Of Nursing, Post Office-Bhaisbor,, Vill.- Danitola, Tehsil- Doundi , Distt.- Balod, Chhattisgarh, Pin Code- 491226",Yogendra Prakash Rastogi Memorial Foundation,Balod,Chhattisgarh,Private,B.Sc(N),40 (Forty),2025-2026,4,https://online.indiannursingcouncil.org/Reports/YearlyReportByState.aspx,2026-09-11T11:11:27.830494
22,Mother Teresa College Of Nursing,"Mother Teresa College Of Nursing, Behind Holiday Resort, Vill.- Rampur (Chorha), Tehsil- Dhmadha, Distt.- Durg, Chhattisgarh, Pin Code- 490042",Sri Rawatpura Sarkar Lok Kalyan Trust,Durg,Chhattisgarh,Private,B.Sc(N),60 (Sixty),2025-2026,4,https://online.indiannursingcouncil.org/Reports/YearlyReportByState.aspx,2026-09-11T11:11:27.830494
1,Mother Teresa College Of Nursing,"Mother Teresa College Of Nursing, Behind Holiday Resort, Vill.- Rampur (Chorha), Tehsil- Dhmadha, Distt.- Durg, Chhattisgarh, Pin Code- 490042",Sri Rawatpura Sarkar Lok Kalyan Trust,Durg,Chhattisgarh,Private,M. Sc (N),20 (Twenty),2025-2026,5,https://online.indiannursingcouncil.org/Reports/YearlyReportByState.aspx,2026-09-11T11:11:35.822549
1,Mother Teresa College Of Nursing,"Mother Teresa College Of Nursing, Behind Holiday Resort, Vill.- Rampur (Chorha), Tehsil- Dhmadha, Distt.- Durg, Chhattisgarh, Pin Code- 490042",Sri Rawatpura Sarkar Lok Kalyan Trust,Durg,Chhattisgarh,Private,P B B.Sc(N),20 (Twenty),2025-2026,5,https://online.indiannursingcouncil.org/Reports/YearlyReportByState.aspx,2026-09-11T11:11:35.822549
2,Mother Teresa Nursing College,"Mother Teresa Nursing College, Banaras Road, Post-Latori , Vill.- Sonwahi , Tehsil- Bhaiyathan, Distt.- Surajpur, Chhattisgarh, Pin Code- 497001",Maharshi Ashtang Medical Institute,Surajpur,Chhattisgarh,Private,B.Sc(N),60 (Sixty),2025-2026,5,https://online.indiannursingcouncil.org/Reports/YearlyReportByState.aspx,2026-09-11T11:11:35.822549
2,Mother Teresa Nursing College,"Mother Teresa Nursing College, Banaras Road, Post-Latori , Vill.- Sonwahi , Tehsil- Bhaiyathan, Distt.- Surajpur, Chhattisgarh, Pin Code- 497001",Maharshi Ashtang Medical Institute,Surajpur,Chhattisgarh,Private,M. Sc (N),05 (Five),2025-2026,5,https://online.indiannursingcouncil.org/Reports/YearlyReportByState.aspx,2026-09-11T11:11:35.822549
3,New Life Institute Of Nursing,"New Life Institute Of Nursing, Beside Bank Of India, Main Road, Baikunthpur, Baikunthpur, Distt.- Koria, Chhattisgarh, Pin Code- 497335",New Life Health And Education Society,Koria,Chhattisgarh,Private,B.Sc(N),30 (Thirty),2025-2026,5,https://online.indiannursingcouncil.org/Reports/YearlyReportByState.aspx,2026-09-11T11:11:35.822549
4,Nursing College Sukma,"Nursing College Sukma, Shamrock Building, Beside Chhattisgarh Rajya Gramin Bank, Vikas Nagar, Sukma, Distt.- Sukma, Chhattisgarh, Pin Code- 494111",Akhil Jan Kalyan Sangh,Sukma,Chhattisgarh,Private,B.Sc(N),30 (Thirty),2025-2026,5,https://online.indiannursingcouncil.org/Reports/YearlyReportByState.aspx,2026-09-11T11:11:35.822549
5,Oriental College Of Nursing,"Oriental College Of Nursing, Near Bharat Gas Godown, Post Office-Manikpur Colliery, Korba , Distt.- Korba, Chhattisgarh, Pin Code- 495682",Manav Shikshan Samiti,Korba,Chhattisgarh,Private,B.Sc(N),40 (Forty),2025-2026,5,https://online.indiannursingcouncil.org/Reports/YearlyReportByState.aspx,2026-09-11T11:11:35.822549
5,Oriental College Of Nursing,"Oriental College Of Nursing, Near Bharat Gas Godown, Post Office-Manikpur Colliery, Korba , Distt.- Korba, Chhattisgarh, Pin Code- 495682",Manav Shikshan Samiti,Korba,Chhattisgarh,Private,M. Sc (N),10 (Ten) Paed-03 Med Surg-03 Obg-02 Chn-02,2025-2026,5,https://online.indiannursingcouncil.org/Reports/YearlyReportByState.aspx,2026-09-11T11:11:35.822549
6,P.G. College Of Nursing,"P.G. College Of Nursing, Street No- 5, Hospital Sector, Bhilai, Distt.- Durg, Chhattisgarh, Pin Code- 490009",Bhilai Education Trust,Durg,Chhattisgarh,Private,B.Sc(N),100 (One Hundred),2025-2026,5,https://online.indiannursingcouncil.org/Reports/YearlyReportByState.aspx,2026-09-11T11:11:35.822549
6,P.G. College Of Nursing,"P.G. College Of Nursing, Street No- 5, Hospital Sector, Bhilai, Distt.- Durg, Chhattisgarh, Pin Code- 490009",Bhilai Education Trust,Durg,Chhattisgarh,Private,M. Sc (N),30 (Thirty),2025-2026,5,https://online.indiannursingcouncil.org/Reports/YearlyReportByState.aspx,2026-09-11T11:11:35.822549
6,P.G. College Of Nursing,"P.G. College Of Nursing, Street No- 5, Hospital Sector, Bhilai, Distt.- Durg, Chhattisgarh, Pin Code- 490009",Bhilai Education Trust,Durg,Chhattisgarh,Private,P B B.Sc(N),30 (Thirty),2025-2026,5,https://online.indiannursingcouncil.org/Reports/YearlyReportByState.aspx,2026-09-11T11:11:35.822549
7,Post Graduate Institute Of Behavioural Medical Sciences,"Post Graduate Institute Of Behavioural Medical Sciences, Manopchar Mana Basti, Raipur, Distt.- Raipur, Chhattisgarh, Pin Code- 492015",Santvana Manopchar Avam Anusandhan Sansthan Private Ltd,Raipur,Chhattisgarh,Private,M. Sc (N),15 (Fifteen) - Psy-15,2025-2026,5,https://online.indiannursingcouncil.org/Reports/YearlyReportByState.aspx,2026-09-11T11:11:35.822549
8,Pushpendra College Of Nursing,"Pushpendra College Of Nursing, Village Lalmati, Post-Chendra, Ambikapur, Vill.- Lalmati, Tehsil- Lundra (08), Distt.- Surguja, Chhattisgarh, Pin Code- 497001",Bahuddesiya Swasthya Sikshan Samiti,Surguja,Chhattisgarh,Private,B.Sc(N),30 (Thirty),2025-2026,5,https://online.indiannursingcouncil.org/Reports/YearlyReportByState.aspx,2026-09-11T11:11:35.822549
9,R I M S College Of Nursing,"R I M S College Of Nursing, Bhansoj Road, Nh-06, Village Godhi, Vill.- Godhi, Tehsil- Raipur, Distt.- Raipur, Chhattisgarh, Pin Code- 492006",Lord Buddha Educational Society,Raipur,Chhattisgarh,Private,B.Sc(N),100 (One Hundred),2025-2026,5,https://online.indiannursingcouncil.org/Reports/YearlyReportByState.aspx,2026-09-11T11:11:35.822549
9,R I M S College Of Nursing,"R I M S College Of Nursing, Bhansoj Road, Nh-06, Village Godhi, Vill.- Godhi, Tehsil- Raipur, Distt.- Raipur, Chhattisgarh, Pin Code- 492006",Lord Buddha Educational Society,Raipur,Chhattisgarh,Private,M. Sc (N),"25 (Twenty Five) Paed-7, Med-Surg-7, Obg-4, Chn-4, Psy-3",2025-2026,5,https://online.indiannursingcouncil.org/Reports/YearlyReportByState.aspx,2026-09-11T11:11:35.822549
10,R I T E E College Of Nursing,"R I T E E College Of Nursing, Chhatauna, Mandir Hasaud, Raipur, Distt.- Raipur, Chhattisgarh, Pin Code- 492101",Mahanadi Education Society,Raipur,Chhattisgarh,Private,B.Sc(N),40 (Forty),2025-2026,5,https://online.indiannursingcouncil.org/Reports/YearlyReportByState.aspx,2026-09-11T11:11:35.822549
10,R I T E E College Of Nursing,"R I T E E College Of Nursing, Chhatauna, Mandir Hasaud, Raipur, Distt.- Raipur, Chhattisgarh, Pin Code- 492101",Mahanadi Education Society,Raipur,Chhattisgarh,Private,M. Sc (N),20 (Twenty) Ped-5 Obg-5 Med-Surg-5 Sy-5,2025-2026,5,https://online.indiannursingcouncil.org/Reports/YearlyReportByState.aspx,2026-09-11T11:11:35.822549
10,R I T E E College Of Nursing,"R I T E E College Of Nursing, Chhatauna, Mandir Hasaud, Raipur, Distt.- Raipur, Chhattisgarh, Pin Code- 492101",Mahanadi Education Society,Raipur,Chhattisgarh,Private,P B B.Sc(N),20 (Twenty),2025-2026,5,https://online.indiannursingcouncil.org/Reports/YearlyReportByState.aspx,2026-09-11T11:11:35.822549
11,Rajwade Institute Of Nursing,"Rajwade Institute Of Nursing, Ward No 05, Harrapara, Baikunthpur, Distt.- Koria, Chhattisgarh, Pin Code- 497335",Rajwade Welfare Foundation,Koria,Chhattisgarh,Private,GNM,20 (Twenty),2025-2026,5,https://online.indiannursingcouncil.org/Reports/YearlyReportByState.aspx,2026-09-11T11:11:35.822549
12,Ramkrishna Institute Of Medical Science,"Ramkrishna Institute Of Medical Science, Sai Darbar Road, Mahadev Ghat, Raipura, Raipur, Distt.- Raipur, Chhattisgarh, Pin Code- 492013",Shriram Gramin Vikas Sansthan,Raipur,Chhattisgarh,Private,Upgraded College of Nursing,30 (Thirty),2025-2026,5,https://online.indiannursingcouncil.org/Reports/YearlyReportByState.aspx,2026-09-11T11:11:35.822549
13,Rastogi College Of Nursing,"Rastogi College Of Nursing, G.E. Road, Vill.- Tedesara, Tehsil- Rajnandgaon, Distt.- Rajnandgaon, Chhattisgarh, Pin Code- 491441",Rastogi Education Society,Rajnandgaon,Chhattisgarh,Private,B.Sc(N),50 (Fifty),2025-2026,5,https://online.indiannursingcouncil.org/Reports/YearlyReportByState.aspx,2026-09-11T11:11:35.822549
13,Rastogi College Of Nursing,"Rastogi College Of Nursing, G.E. Road, Vill.- Tedesara, Tehsil- Rajnandgaon, Distt.- Rajnandgaon, Chhattisgarh, Pin Code- 491441",Rastogi Education Society,Rajnandgaon,Chhattisgarh,Private,P B B.Sc(N),40 (Forty),2025-2026,5,https://online.indiannursingcouncil.org/Reports/YearlyReportByState.aspx,2026-09-11T11:11:35.822549
14,Rastogi College Of Nursing,"Rastogi College Of Nursing, Model Town, Nehru Nagar (East), Bhilai, Distt.- Durg, Chhattisgarh, Pin Code- 490020",Rastogi Education Society,Durg,Chhattisgarh,Private,B.Sc(N),60 (Sixty),2025-2026,5,https://online.indiannursingcouncil.org/Reports/YearlyReportByState.aspx,2026-09-11T11:11:35.822549
14,Rastogi College Of Nursing,"Rastogi College Of Nursing, Model Town, Nehru Nagar (East), Bhilai, Distt.- Durg, Chhattisgarh, Pin Code- 490020",Rastogi Education Society,Durg,Chhattisgarh,Private,GNM,40 (Forty),2025-2026,5,https://online.indiannursingcouncil.org/Reports/YearlyReportByState.aspx,2026-09-11T11:11:35.822549
14,Rastogi College Of Nursing,"Rastogi College Of Nursing, Model Town, Nehru Nagar (East), Bhilai, Distt.- Durg, Chhattisgarh, Pin Code- 490020",Rastogi Education Society,Durg,Chhattisgarh,Private,P B B.Sc(N),40 (Forty),2025-2026,5,https://online.indiannursingcouncil.org/Reports/YearlyReportByState.aspx,2026-09-11T11:11:35.822549
15,Ravi Shankar Institute Of Nursing,"Ravi Shankar Institute Of Nursing, Near Muktangan, Champara Road, Raipur, Distt.- Raipur, Chhattisgarh, Pin Code- 493661",Shri Rawatpura Sarkar Lok Kalyan Trust,Raipur,Chhattisgarh,Private,B.Sc(N),40 (Forty),2025-2026,5,https://online.indiannursingcouncil.org/Reports/YearlyReportByState.aspx,2026-09-11T11:11:35.822549
16,Reliance Institute Of Nursing,"Reliance Institute Of Nursing, Raipur Road, Post-Sambalpur, Vill.- Limtara, Tehsil- Dhamtari, Distt.- Dhamtari, Chhattisgarh, Pin Code- 493773",Rastogi Education Society,Dhamtari,Chhattisgarh,Private,B.Sc(N),60 (Sixty),2025-2026,5,https://online.indiannursingcouncil.org/Reports/YearlyReportByState.aspx,2026-09-11T11:11:35.822549
1,Sandipani Academy,"Sandipani Academy, Bilaspur-Janjgir Road, Vill.- Pendri, Tehsil- Masturi, Distt.- Bilaspur, Chhattisgarh, Pin Code- 495551",Sandipani Academy,Bilaspur,Chhattisgarh,Private,B.Sc(N),60 (Sixty),2025-2026,6,https://online.indiannursingcouncil.org/Reports/YearlyReportByState.aspx,2026-09-11T11:11:43.786958
1,Sandipani Academy,"Sandipani Academy, Bilaspur-Janjgir Road, Vill.- Pendri, Tehsil- Masturi, Distt.- Bilaspur, Chhattisgarh, Pin Code- 495551",Sandipani Academy,Bilaspur,Chhattisgarh,Private,M. Sc (N),35 (Thirty Five),2025-2026,6,https://online.indiannursingcouncil.org/Reports/YearlyReportByState.aspx,2026-09-11T11:11:43.786958
1,Sandipani Academy,"Sandipani Academy, Bilaspur-Janjgir Road, Vill.- Pendri, Tehsil- Masturi, Distt.- Bilaspur, Chhattisgarh, Pin Code- 495551",Sandipani Academy,Bilaspur,Chhattisgarh,Private,P B B.Sc(N),40 (Forty),2025-2026,6,https://online.indiannursingcouncil.org/Reports/YearlyReportByState.aspx,2026-09-11T11:11:43.786958
2,Sandipani Academy,"Sandipani Academy, Vill- Achhoti Post-Murmunda Via-Dhamdha Dist-Durg (C.G.) Pin-490036, Vill- Achhoti, Distt.- Durg, Chhattisgarh, Pin Code- 490036",Sandipani Academy,Durg,Chhattisgarh,Private,Upgraded College of Nursing,40 (Forty),2025-2026,6,https://online.indiannursingcouncil.org/Reports/YearlyReportByState.aspx,2026-09-11T11:11:43.786958
2,Sandipani Academy,"Sandipani Academy, Vill- Achhoti Post-Murmunda Via-Dhamdha Dist-Durg (C.G.) Pin-490036, Vill- Achhoti, Distt.- Durg, Chhattisgarh, Pin Code- 490036",Sandipani Academy,Durg,Chhattisgarh,Private,P B B.Sc(N),20 (Twenty),2025-2026,6,https://online.indiannursingcouncil.org/Reports/YearlyReportByState.aspx,2026-09-11T11:11:43.786958
2,Sandipani Academy,"Sandipani Academy, Vill- Achhoti Post-Murmunda Via-Dhamdha Dist-Durg (C.G.) Pin-490036, Vill- Achhoti, Distt.- Durg, Chhattisgarh, Pin Code- 490036",Sandipani Academy,Durg,Chhattisgarh,Private,B.Sc(N),40 (Forty),2025-2026,6,https://online.indiannursingcouncil.org/Reports/YearlyReportByState.aspx,2026-09-11T11:11:43.786958
2,Sandipani Academy,"Sandipani Academy, Vill- Achhoti Post-Murmunda Via-Dhamdha Dist-Durg (C.G.) Pin-490036, Vill- Achhoti, Distt.- Durg, Chhattisgarh, Pin Code- 490036",Sandipani Academy,Durg,Chhattisgarh,Private,M. Sc (N),25 (Twenty Five),2025-2026,6,https://online.indiannursingcouncil.org/Reports/YearlyReportByState.aspx,2026-09-11T11:11:43.786958
3,Sanjivani Institute Of Technology,"Sanjivani Institute Of Technology, Sai Nagar, Ward No- 03, Uslapur, Bilaspur, Distt.- Bilaspur, Chhattisgarh, Pin Code- 495001",Bilaspur Chhatra Evam Samaj Kalyan Shikshan Prashikshan Samiti,Bilaspur,Chhattisgarh,Private,B.Sc(N),40 (Forty),2025-2026,6,https://online.indiannursingcouncil.org/Reports/YearlyReportByState.aspx,2026-09-11T11:11:43.786958
4,School Of Nursing,"School Of Nursing , Evangelical Mission Hospital, Tilda, Post Office-Neora, Tilda, Distt.- Raipur, Chhattisgarh, Pin Code- 493114",The Eastern Regional Board Of Health Services Society,Raipur,Chhattisgarh,Private,GNM,20 (Twenty),2025-2026,6,https://online.indiannursingcouncil.org/Reports/YearlyReportByState.aspx,2026-09-11T11:11:43.786958
5,School Of Nursing Jan Swasthya Sahyog,"School Of Nursing Jan Swasthya Sahyog, Ganiyari, Jan Swasthya Sahyogvillage And Post Ganiyari, Bilaspur, Distt.- Bilaspur, Chhattisgarh, Pin Code- 495112",Jan Swasthya Sahyog,Bilaspur,Chhattisgarh,Private,Upgraded College of Nursing,30 (Thirty),2025-2026,6,https://online.indiannursingcouncil.org/Reports/YearlyReportByState.aspx,2026-09-11T11:11:43.786958
6,School Of Nursing,"School Of Nursing, Holy Cross Hospital, Kunkuri, Distt.- Jashpur, Chhattisgarh, Pin Code- 496225",M P Ave Cruz Sister Association,Jashpur,Chhattisgarh,Private,GNM,40 (Forty),2025-2026,6,https://online.indiannursingcouncil.org/Reports/YearlyReportByState.aspx,2026-09-11T11:11:43.786958
6,School Of Nursing,"School Of Nursing, Holy Cross Hospital, Kunkuri, Distt.- Jashpur, Chhattisgarh, Pin Code- 496225",M P Ave Cruz Sister Association,Jashpur,Chhattisgarh,Private,B.Sc(N),40 (Forty),2025-2026,6,https://online.indiannursingcouncil.org/Reports/YearlyReportByState.aspx,2026-09-11T11:11:43.786958
7,Scope College Of Nursing Institute,"Scope College Of Nursing Institute, Near Kanger Valley School, Dumartalab, Raipur, Distt.- Raipur, Chhattisgarh, Pin Code- 492010",Chhattisgarh Viklang Prashikshan Avam Anusandhan Sansthan,Raipur,Chhattisgarh,Private,B.Sc(N),60 (Sixty),2025-2026,6,https://online.indiannursingcouncil.org/Reports/YearlyReportByState.aspx,2026-09-11T11:11:43.786958
8,Shankaracharya Swami Swaroopanand College Of Nursing,"Shankaracharya Swami Swaroopanand College Of Nursing , Near Junwani Petrol Pump , Junwani Bhilai, Bhilai, Distt.- Durg, Chhattisgarh, Pin Code- 490020",Shri Gangajali Education Society,Durg,Chhattisgarh,Private,B.Sc(N),100 (One Hundred),2025-2026,6,https://online.indiannursingcouncil.org/Reports/YearlyReportByState.aspx,2026-09-11T11:11:43.786958
8,Shankaracharya Swami Swaroopanand College Of Nursing,"Shankaracharya Swami Swaroopanand College Of Nursing , Near Junwani Petrol Pump , Junwani Bhilai, Bhilai, Distt.- Durg, Chhattisgarh, Pin Code- 490020",Shri Gangajali Education Society,Durg,Chhattisgarh,Private,M. Sc (N),15 (Fifteen),2025-2026,6,https://online.indiannursingcouncil.org/Reports/YearlyReportByState.aspx,2026-09-11T11:11:43.786958
9,Shivam College Of Nursing,"Shivam College Of Nursing, Opposite Punjab National Bank, Near Forest Naka, Raipur Road, Gariyaband, Distt.- Gariyaband, Chhattisgarh, Pin Code- 493889",Shivam Shikshan Samiti,Gariyaband,Chhattisgarh,Private,B.Sc(N),40 (Forty),2025-2026,6,https://online.indiannursingcouncil.org/Reports/YearlyReportByState.aspx,2026-09-11T11:11:43.786958
10,Shree Narayana Nursing Institute,"Shree Narayana Nursing Institute, Old Dhamtari Road Sejbahar, Kandul Road, Vedanta City., Raipur, Distt.- Raipur, Chhattisgarh, Pin Code- 492015",Shree Narayana Educational Society,Raipur,Chhattisgarh,Private,B.Sc(N),60 (Sixty),2025-2026,6,https://online.indiannursingcouncil.org/Reports/YearlyReportByState.aspx,2026-09-11T11:11:43.786958
10,Shree Narayana Nursing Institute,"Shree Narayana Nursing Institute, Old Dhamtari Road Sejbahar, Kandul Road, Vedanta City., Raipur, Distt.- Raipur, Chhattisgarh, Pin Code- 492015",Shree Narayana Educational Society,Raipur,Chhattisgarh,Private,P B B.Sc(N),40 (Forty),2025-2026,6,https://online.indiannursingcouncil.org/Reports/YearlyReportByState.aspx,2026-09-11T11:11:43.786958
11,Shreyas College Of Nursing,"Shreyas College Of Nursing, Shreyas Medical Centre, Sivnath Complex, G E Road, Bhilai, Distt.- Durg, Chhattisgarh, Pin Code- 490023",Shreyas Shikshan Sansthan Bhilai,Durg,Chhattisgarh,Private,B.Sc(N),40 (Forty),2025-2026,6,https://online.indiannursingcouncil.org/Reports/YearlyReportByState.aspx,2026-09-11T11:11:43.786958
11,Shreyas College Of Nursing,"Shreyas College Of Nursing, Shreyas Medical Centre, Sivnath Complex, G E Road, Bhilai, Distt.- Durg, Chhattisgarh, Pin Code- 490023",Shreyas Shikshan Sansthan Bhilai,Durg,Chhattisgarh,Private,GNM,30 (Thirty),2025-2026,6,https://online.indiannursingcouncil.org/Reports/YearlyReportByState.aspx,2026-09-11T11:11:43.786958
11,Shreyas College Of Nursing,"Shreyas College Of Nursing, Shreyas Medical Centre, Sivnath Complex, G E Road, Bhilai, Distt.- Durg, Chhattisgarh, Pin Code- 490023",Shreyas Shikshan Sansthan Bhilai,Durg,Chhattisgarh,Private,M. Sc (N),25 (Twenty Five) 5 In Each Speciality,2025-2026,6,https://online.indiannursingcouncil.org/Reports/YearlyReportByState.aspx,2026-09-11T11:11:43.786958
12,Shri C M Nursing College,"Shri C M Nursing College, Samrpan Priyadarshni Parisar West, Behind Of Chandulal Chandrakar Memorial Hospital, Nehru Nagar, Bhilai, Distt.- Durg, Chhattisgarh, Pin Code- 490020",Chandulal Chandrakar Memorial Hospital Pvt. Ltd.,Durg,Chhattisgarh,Private,B.Sc(N),40 (Forty),2025-2026,6,https://online.indiannursingcouncil.org/Reports/YearlyReportByState.aspx,2026-09-11T11:11:43.786958
13,Shri Chandra Nursing Institute,"Shri Chandra Nursing Institute, Ward No.- 60 Street No. 05, Pushpak Nagar, Post Office- Motilal Nehru Nagar, Durg, Distt.- Durg, Chhattisgarh, Pin Code- 490020",Shri Chandra Education Society,Durg,Chhattisgarh,Private,GNM,40 (Forty),2025-2026,6,https://online.indiannursingcouncil.org/Reports/YearlyReportByState.aspx,2026-09-11T11:11:43.786958
13,Shri Chandra Nursing Institute,"Shri Chandra Nursing Institute, Ward No.- 60 Street No. 05, Pushpak Nagar, Post Office- Motilal Nehru Nagar, Durg, Distt.- Durg, Chhattisgarh, Pin Code- 490020",Shri Chandra Education Society,Durg,Chhattisgarh,Private,B.Sc(N),50 (Fifty),2025-2026,6,https://online.indiannursingcouncil.org/Reports/YearlyReportByState.aspx,2026-09-11T11:11:43.786958
13,Shri Chandra Nursing Institute,"Shri Chandra Nursing Institute, Ward No.- 60 Street No. 05, Pushpak Nagar, Post Office- Motilal Nehru Nagar, Durg, Distt.- Durg, Chhattisgarh, Pin Code- 490020",Shri Chandra Education Society,Durg,Chhattisgarh,Private,P B B.Sc(N),30 (Thirty),2025-2026,6,https://online.indiannursingcouncil.org/Reports/YearlyReportByState.aspx,2026-09-11T11:11:43.786958
14,Shri Rawatpura Sarkar Institute Of Nursing,"Shri Rawatpura Sarkar Institute Of Nursing, Dhaneli, Mana Road, Dharsiwa, Raipur, Distt.- Raipur, Chhattisgarh, Pin Code- 492015",Shri Rawatpura Sarkar Lok Kalyan Trust,Raipur,Chhattisgarh,Private,B.Sc(N),60 (SIXTY),2025-2026,6,https://online.indiannursingcouncil.org/Reports/YearlyReportByState.aspx,2026-09-11T11:11:43.786958
15,Shri Shankaracharya College Of Nursing,"Shri Shankaracharya College Of Nursing, Amdi Nagar, Hudco, Bhilai, Distt.- Durg, Chhattisgarh, Pin Code- 490009",Shri Gangajali Education Society,Durg,Chhattisgarh,Private,M. Sc (N),30 (Thirty) Med Surg-08 Paed-06 Obg-08 Chn-04 Psy-04,2025-2026,6,https://online.indiannursingcouncil.org/Reports/YearlyReportByState.aspx,2026-09-11T11:11:43.786958
15,Shri Shankaracharya College Of Nursing,"Shri Shankaracharya College Of Nursing, Amdi Nagar, Hudco, Bhilai, Distt.- Durg, Chhattisgarh, Pin Code- 490009",Shri Gangajali Education Society,Durg,Chhattisgarh,Private,B.Sc(N),100 (One Hundred),2025-2026,6,https://online.indiannursingcouncil.org/Reports/YearlyReportByState.aspx,2026-09-11T11:11:43.786958
1,Shri Shankaracharya College Of Nursing,"Shri Shankaracharya College Of Nursing, Amdi Nagar, Hudco, Bhilai, Distt.- Durg, Chhattisgarh, Pin Code- 490009",Shri Gangajali Education Society,Durg,Chhattisgarh,Private,P B B.Sc(N),20 (Twenty),2025-2026,7,https://online.indiannursingcouncil.org/Reports/YearlyReportByState.aspx,2026-09-11T11:11:51.024872
2,Shri Siddhi Balaji College Of Nursing,"Shri Siddhi Balaji College Of Nursing, Banshi Lal Bhawan, Matale Gali, Shanti Nager, Chikhli, Rajnandgaon, Rajnandgaon, Distt.- Rajnandgaon, Chhattisgarh, Pin Code- 491441",Shri Siddhi Balaji Shikshan Va Prashikshan Sansthan,Rajnandgaon,Chhattisgarh,Private,Upgraded College of Nursing,40 (Forty),2025-2026,7,https://online.indiannursingcouncil.org/Reports/YearlyReportByState.aspx,2026-09-11T11:11:51.024872
3,Shrishti Institute Of Medical Science Research Centre,"Shrishti Institute Of Medical Science Research Centre, In-Front Of District Jail, Rajgamar Road, Risdi, Korba, Distt.- Korba, Chhattisgarh, Pin Code- 495677",Shrishti Institute Of Medical Science And Research Centre,Korba,Chhattisgarh,Private,B.Sc(N),50 (Fifty),2025-2026,7,https://online.indiannursingcouncil.org/Reports/YearlyReportByState.aspx,2026-09-11T11:11:51.024872
4,Smt. Sudha Devi Memorial Nursing College,"Smt. Sudha Devi Memorial Nursing College, Near Mahamaya Mandir And Vir Sawarkar Bhawan, Kawardha, Distt.- Kawardha, Chhattisgarh, Pin Code- 491995",Medical Education Dept Raipur Chhatisgarh Govt.,Kawardha,Chhattisgarh,Government,B.Sc(N),40 (Forty),2025-2026,7,https://online.indiannursingcouncil.org/Reports/YearlyReportByState.aspx,2026-09-11T11:11:51.024872
5,Sri Sathya Sai Sanjeevani Institute Of Nursing And Allied Healthcare Sciences,"Sri Sathya Sai Sanjeevani Institute Of Nursing And Allied Healthcare Sciences, Sector - 2, Naya Raipur Marg, Naya Raipur, Distt.- Raipur, Chhattisgarh, Pin Code- 492101",Sri Sathya Sai Health And Education Trust,Raipur,Chhattisgarh,Private,M. Sc (N),10 (Ten),2025-2026,7,https://online.indiannursingcouncil.org/Reports/YearlyReportByState.aspx,2026-09-11T11:11:51.024872
6,Surya College Of Nursing,"Surya College Of Nursing, New National Highway, Near Putpura Gothan (P.H.N. 17, Khasra No. 942/1, 942/2), Janjagir , Distt.- Janjgir-Champa, Chhattisgarh, Pin Code- 495668",Surya Shree Shikshan Samiti,Janjgir-Champa,Chhattisgarh,Private,B.Sc(N),50 (Fifty),2025-2026,7,https://online.indiannursingcouncil.org/Reports/YearlyReportByState.aspx,2026-09-11T11:11:51.024872
7,Surya Nursing College,"Surya Nursing College, Geedam Road, Jagdalpur, Distt.- Baster, Chhattisgarh, Pin Code- 494001",Bastar Vikas Evam Shiksha Samiti,Baster,Chhattisgarh,Private,B.Sc(N),40 (Forty),2025-2026,7,https://online.indiannursingcouncil.org/Reports/YearlyReportByState.aspx,2026-09-11T11:11:51.024872
8,Surya Nursing Institute,"Surya Nursing Institute, Bhalesar Road, Ward No. 29, Near Gas Godown, Mahasamund, Distt.- Mahasamund, Chhattisgarh, Pin Code- 493445",Satyam Shivam Sundaram Shikshan Samiti,Mahasamund,Chhattisgarh,Private,B.Sc(N),40 (Forty),2025-2026,7,https://online.indiannursingcouncil.org/Reports/YearlyReportByState.aspx,2026-09-11T11:11:51.024872
9,Suyash College Of Nursing,"Suyash College Of Nursing, Kumhari-Ahiwara Road, Vill.- Kandarka , Tehsil- Dhmadha, Distt.- Durg, Chhattisgarh, Pin Code- 491331",Suyash Institute Of Medical Science Private Limited,Durg,Chhattisgarh,Private,B.Sc(N),50 (Fifty),2025-2026,7,https://online.indiannursingcouncil.org/Reports/YearlyReportByState.aspx,2026-09-11T11:11:51.024872
10,V M College Of Nursing,"V M College Of Nursing, In Front Of Jainagar Police Station , Bishrampur, Distt.- Surajpur, Chhattisgarh, Pin Code- 497226",Surguja Gyanodaya Association,Surajpur,Chhattisgarh,Private,B.Sc(N),40 (Forty),2025-2026,7,https://online.indiannursingcouncil.org/Reports/YearlyReportByState.aspx,2026-09-11T11:11:51.024872
10,V M College Of Nursing,"V M College Of Nursing, In Front Of Jainagar Police Station , Bishrampur, Distt.- Surajpur, Chhattisgarh, Pin Code- 497226",Surguja Gyanodaya Association,Surajpur,Chhattisgarh,Private,GNM,30 (Thirty),2025-2026,7,https://online.indiannursingcouncil.org/Reports/YearlyReportByState.aspx,2026-09-11T11:11:51.024872
11,Vedanti Vidya Nursing Institute,"Vedanti Vidya Nursing Institute, Vill Tilai, Berla Bemetara Chattisgarh, Berla, Distt.- Bemetara, Chhattisgarh, Pin Code- 490036","Shri Janki Jivan Seva Samiti, Kumhaari",Bemetara,Chhattisgarh,Private,M. Sc (N),10 (Ten),2025-2026,7,https://online.indiannursingcouncil.org/Reports/YearlyReportByState.aspx,2026-09-11T11:11:51.024872
11,Vedanti Vidya Nursing Institute,"Vedanti Vidya Nursing Institute, Vill Tilai, Berla Bemetara Chattisgarh, Berla, Distt.- Bemetara, Chhattisgarh, Pin Code- 490036","Shri Janki Jivan Seva Samiti, Kumhaari",Bemetara,Chhattisgarh,Private,B.Sc(N),40 (Forty),2025-2026,7,https://online.indiannursingcouncil.org/Reports/YearlyReportByState.aspx,2026-09-11T11:11:51.024872
12,We Care Nursing College School,"We Care Nursing College School, Vasundhara Vihar, Ambikapur, Ambikapur, Distt.- Surguja, Chhattisgarh, Pin Code- 497001",We Care Welfare Society,Surguja,Chhattisgarh,Private,GNM,40 (Forty),2025-2026,7,https://online.indiannursingcouncil.org/Reports/YearlyReportByState.aspx,2026-09-11T11:11:51.024872
12,We Care Nursing College School,"We Care Nursing College School, Vasundhara Vihar, Ambikapur, Ambikapur, Distt.- Surguja, Chhattisgarh, Pin Code- 497001",We Care Welfare Society,Surguja,Chhattisgarh,Private,B.Sc(N),60 (Sixty),2025-2026,7,https://online.indiannursingcouncil.org/Reports/YearlyReportByState.aspx,2026-09-11T11:11:51.024872
