inc_institution_key,institution_name,institution_address,trust_name,district_name,state,sector,programmes,annual_intakes,total_intake,pin_code,academic_year,source,source_url,extraction_timestamp
Telangana|Hyderabad|ANDHRA MAHILA SABHA NURSING TRG INSTITUTE,Andhra Mahila Sabha Nursing Trg Institute,"Andhra Mahila Sabha Nursing Trg Institute, ( Durgabai Deshmukh Hospital & Research Centre) Osmania University Road, Didyanagar, Near Andhra Bank , Hyderabad, Distt.- Hyderabad, Telangana, Pin Code-","Durgabai Deshmukh Mahila Sabha,Ams",Hyderabad,Telangana,Private,GNM,60 (Sixty),60,,2025-2026,INC Yearly Report,https://online.indiannursingcouncil.org/Reports/YearlyReportByState.aspx,2026-09-11T11:39:03.691498
Telangana|Hyderabad|APOLLO COLLEGE OF NURSING,Apollo College Of Nursing,"Apollo College Of Nursing, Apollo Hospital Campus, Jubilee Hills, Hyderabad, Distt.- Hyderabad, Telangana, Pin Code- 500096",Apollo Hospitals Educational And Research Foundation,Hyderabad,Telangana,Private,GNM | B.Sc(N) | P B B.Sc(N),60 (Sixty) | 100 (One Hundred) | 30 (Thirty),190,500096,2025-2026,INC Yearly Report,https://online.indiannursingcouncil.org/Reports/YearlyReportByState.aspx,2026-09-11T11:39:03.691498
Telangana|Warangal Urban|APPLE SCHOOL OF NURSING,Apple School Of Nursing,"Apple School Of Nursing, 14-2-77, Pochamma Maidan, , Warangal, Distt.- Warangal Urban, Telangana, Pin Code- 506002","Foundation For Education, Economic And Cultural Development",Warangal Urban,Telangana,Private,GNM,60 (Sixty),60,506002,2025-2026,INC Yearly Report,https://online.indiannursingcouncil.org/Reports/YearlyReportByState.aspx,2026-09-11T11:39:03.691498
Telangana|Ranga Reddy|AWARE COLLEGE OF NURSING,Aware College Of Nursing,"Aware College Of Nursing, Shanthivanm,Nagarjuna Sagar Road, Vill.- Bairamalguda, Tehsil- Saroornagar, Distt.- Ranga Reddy, Telangana, Pin Code- 500035",Aware,Ranga Reddy,Telangana,Private,B.Sc(N),50 (Fifty),50,500035,2025-2026,INC Yearly Report,https://online.indiannursingcouncil.org/Reports/YearlyReportByState.aspx,2026-09-11T11:39:03.691498
Telangana|Warangal Urban|BALAJI INSTITUTE OF NURSING,Balaji Institute Of Nursing,"Balaji Institute Of Nursing, Laknepally, Narsampet, Narsampet, Distt.- Warangal Urban, Telangana, Pin Code- 506331",Maheshwara Educational Society,Warangal Urban,Telangana,Private,B.Sc(N),40 (Forty),40,506331,2025-2026,INC Yearly Report,https://online.indiannursingcouncil.org/Reports/YearlyReportByState.aspx,2026-09-11T11:39:03.691498
Telangana|Hyderabad|BHAGAWAN MAHAVIR SCHOOL OF NURSING,Bhagawan Mahavir School Of Nursing,"Bhagawan Mahavir School Of Nursing,, 10-1-1, Mahavir Marg, A C Guards,, Vill.- Khairatabad, Tehsil- Hyderabad, Distt.- Hyderabad, Telangana, Pin Code- 500004",Bhagwan Memorial Mahavir Trust,Hyderabad,Telangana,Private,GNM,20 (Twenty),20,500004,2025-2026,INC Yearly Report,https://online.indiannursingcouncil.org/Reports/YearlyReportByState.aspx,2026-09-11T11:39:03.691498
Telangana|Suryapet|BHAVANI COLLEGE OF NURSING,Bhavani College Of Nursing,"Bhavani College Of Nursing, Hno:-3-5-140/1/D, Jammigadda, Vill.- Suryapet, Tehsil- Suryapet, Distt.- Suryapet, Telangana, Pin Code- 508213",Bhavani Educational And Rural Development Society,Suryapet,Telangana,Private,B.Sc(N),45 (Forty Five),45,508213,2025-2026,INC Yearly Report,https://online.indiannursingcouncil.org/Reports/YearlyReportByState.aspx,2026-09-11T11:39:03.691498
Telangana|Hyderabad|BSC COLLEGE OF NURSING MUSLIM MATERNITY AND ZANANA GENERAL HOSPITAL,Bsc College Of Nursing Muslim Maternity And Zanana General Hospital,"Bsc College Of Nursing Muslim Maternity And Zanana General Hospital, H.No: 16-6-326, Osmanpura, Chaderghat , Vill.- Hyderabad, Tehsil- Hyderabad, Distt.- Hyderabad, Telangana, Pin Code- 500024",Islamic Social Service Society,Hyderabad,Telangana,Private,B.Sc(N),30 (Thirty),30,500024,2025-2026,INC Yearly Report,https://online.indiannursingcouncil.org/Reports/YearlyReportByState.aspx,2026-09-11T11:39:03.691498
Telangana|Karimnagar|CHALMEDA ANAND RAO INSTITUTE OF MEDICAL SCIENCES,Chalmeda Anand Rao Institute Of Medical Sciences,"Chalmeda Anand Rao Institute Of Medical Sciences,, Bommakal, Karimnagar, Vill.- Bommakal, Tehsil- Karimnagar (Rural), Distt.- Karimnagar, Telangana, Pin Code- 505001",Arihant Education Society,Karimnagar,Telangana,Private,B.Sc(N) | M. Sc (N),"100 (One Hundred) | 25 (Twenty Five) Med- Surg-05, Chn-05, Obg-05, Paed-05, Psy-05",125,505001,2025-2026,INC Yearly Report,https://online.indiannursingcouncil.org/Reports/YearlyReportByState.aspx,2026-09-11T11:39:03.691498
Telangana|Suryapet|CHANDANA COLLEGE OF NURSING,Chandana College Of Nursing,"Chandana College Of Nursing, Suryapet, Vill.- Pillalamarri, Tehsil- Suryapet, Distt.- Suryapet, Telangana, Pin Code- 508213",Srinivasa Educational Society,Suryapet,Telangana,Private,B.Sc(N) | GNM,40 (Forty) | 40 (Forty),80,508213,2025-2026,INC Yearly Report,https://online.indiannursingcouncil.org/Reports/YearlyReportByState.aspx,2026-09-11T11:39:03.691498
Telangana|Medchal|CHRISTINA SCHOOL OF NURSING,Christina School Of Nursing,"Christina School Of Nursing, Btm Campus,R.L.Nagar, Mandal, Keesara, Distt.- Medchal, Telangana, Pin Code- 501301",Christina Charitable Organization,Medchal,Telangana,Private,GNM,30 (Thirty),30,501301,2025-2026,INC Yearly Report,https://online.indiannursingcouncil.org/Reports/YearlyReportByState.aspx,2026-09-11T11:39:03.691498
Telangana|Medchal|CMR COLLEGE OF NURSING,Cmr College Of Nursing,"Cmr College Of Nursing, Kandlakoya Village Medchal, Hyderabad, Distt.- Medchal, Telangana, Pin Code- 501401",Cmr Technical Education Society,Medchal,Telangana,Private,GNM | B.Sc(N),40 (Forty) | 100 (One Hundred),140,501401,2025-2026,INC Yearly Report,https://online.indiannursingcouncil.org/Reports/YearlyReportByState.aspx,2026-09-11T11:39:03.691498
Telangana|Ranga Reddy|DEEPTHI COLLEGE OF NURSING,Deepthi College Of Nursing,"Deepthi College Of Nursing, 5-11-261/1, Shanthi Nagar, Nalgonda, Distt.- Ranga Reddy, Telangana, Pin Code- 508001",Mother Theresa Education And Rural Development Society,Ranga Reddy,Telangana,Private,B.Sc(N),50 (Fifty),50,508001,2025-2026,INC Yearly Report,https://online.indiannursingcouncil.org/Reports/YearlyReportByState.aspx,2026-09-11T11:39:03.691498
Telangana|Medchal|DEVS COLLEGE OF NURSING,Devs College Of Nursing,"Devs College Of Nursing, Deva Nager, Ankireddypalli, Keesara(M) , Medchal - Malkajgiri , Distt.- Medchal, Telangana, Pin Code- 501301",Devs Medical And Educational Society,Medchal,Telangana,Private,B.Sc(N),50 (Fifty),50,501301,2025-2026,INC Yearly Report,https://online.indiannursingcouncil.org/Reports/YearlyReportByState.aspx,2026-09-11T11:39:03.691498
Telangana|Ranga Reddy|DR. PATNAM MAHENDER REDDY COLLEGE OF NURSING,Dr. Patnam Mahender Reddy College Of Nursing,"Dr. Patnam Mahender Reddy College Of Nursing, Chevella Village, Chevella Mandal, Chevella, Distt.- Ranga Reddy, Telangana, Pin Code- 501503",Rinish Educational Society,Ranga Reddy,Telangana,Private,B.Sc(N),100 (One Hundred),100,501503,2025-2026,INC Yearly Report,https://online.indiannursingcouncil.org/Reports/YearlyReportByState.aspx,2026-09-11T11:39:03.691498
Telangana|Hyderabad|DURGABAI DESHMUKH COLLEGE OF NURSING,Durgabai Deshmukh College Of Nursing,"Durgabai Deshmukh College Of Nursing, C/O Durgabai Deshmukh Hospital Res. Centre, Hyderabad, Distt.- Hyderabad, Telangana, Pin Code- 500044",Durgabai Deshmukh Mahila Sabha,Hyderabad,Telangana,Private,B.Sc(N),50 (Fifty),50,500044,2025-2026,INC Yearly Report,https://online.indiannursingcouncil.org/Reports/YearlyReportByState.aspx,2026-09-11T11:39:03.691498
Telangana|Hyderabad|EASHWARI BAI MEMORIAL COLLEGE OF NURSING,Eashwari Bai Memorial College Of Nursing,"Eashwari Bai Memorial College Of Nursing, H. No. 10-1-5/C, Road No-4,West Marredpally, Secunderabad, Distt.- Hyderabad, Telangana, Pin Code- 500026",Smt J Eashwari Bai Memorial Trust,Hyderabad,Telangana,Private,P B B.Sc(N) | GNM | B.Sc(N) | M. Sc (N),30 (Thirty) | 60 (Sixty) | 60 (Sixty) | 20 (Twenty) Med-Sug5 Chn-5 Paed-5obg-5,170,500026,2025-2026,INC Yearly Report,https://online.indiannursingcouncil.org/Reports/YearlyReportByState.aspx,2026-09-11T11:39:03.691498
Telangana|Warangal Urban|FATHER COLOMBO COLLEGE OF NURSING,Father Colombo College Of Nursing,"Father Colombo College Of Nursing, # 24-7-27, Sy.No.346, Fathimanagar, Kazipet, Kazipet, Distt.- Warangal Urban, Telangana, Pin Code- 506004",Medicare Educational Trust,Warangal Urban,Telangana,Private,B.Sc(N),100 (One Hundred),100,506004,2025-2026,INC Yearly Report,https://online.indiannursingcouncil.org/Reports/YearlyReportByState.aspx,2026-09-11T11:39:03.691498
Telangana|Hyderabad|FERNANDEZ SCHOOL OF NURSING,Fernandez School Of Nursing,"Fernandez School Of Nursing, M.No. 8-2-740/17/10 8-2-740/17/11/2, Bhola Nagar, Road No.12 Banjarahills, Hyderabad, Distt.- Hyderabad, Telangana, Pin Code- 500034",Fernandez Foundation,Hyderabad,Telangana,Private,Post Basic Diploma in Neonatal nursing | Nurse Practitioner in Midwifery,10 (Ten) | 10 (Ten),20,500034,2025-2026,INC Yearly Report,https://online.indiannursingcouncil.org/Reports/YearlyReportByState.aspx,2026-09-11T11:39:03.691498
Telangana|Ranga Reddy|GLOBAL KASTURBA COLLEGE OF NURSING,Global Kasturba College Of Nursing,"Global Kasturba College Of Nursing, Plot No 651, 9Th Phase Kphb Colony, Venkataramana Colony, Hyderabad, Distt.- Ranga Reddy, Telangana, Pin Code- 500085",Gift Health Foundation,Ranga Reddy,Telangana,Private,B.Sc(N),50 (Fifty),50,500085,2025-2026,INC Yearly Report,https://online.indiannursingcouncil.org/Reports/YearlyReportByState.aspx,2026-09-11T11:39:10.168291
Telangana|Ranga Reddy|GLOBAL SCHOOL OF NURSING,Global School Of Nursing,"Global School Of Nursing, Plot No 649, Beside Emerald Techno School,Near 9Th Phase, Hafeezpet, Serilingampally, Hyderabad , Distt.- Ranga Reddy, Telangana, Pin Code- 500085",Dr Ravindranath Medical Foundation,Ranga Reddy,Telangana,Private,GNM,30 (Thirty),30,500085,2025-2026,INC Yearly Report,https://online.indiannursingcouncil.org/Reports/YearlyReportByState.aspx,2026-09-11T11:39:10.168291
Telangana|Mancherial|GOVERNMENT COLLEGE OF NURSING,Government College Of Nursing,"Government College Of Nursing, Mancherial, Director Of Medical Education, Hyderabad, Telangana, Mancherial, Distt.- Mancherial, Telangana, Pin Code- 504208",Telangana,Mancherial,Telangana,Government,B.Sc(N),100 (One Hundred),100,504208,2025-2026,INC Yearly Report,https://online.indiannursingcouncil.org/Reports/YearlyReportByState.aspx,2026-09-11T11:39:10.168291
Telangana|Mahabubnagar|GOVERNMENT COLLEGE OF NURSING MAHABUBNAGR,Government College Of Nursing Mahabubnagr,"Government College Of Nursing Mahabubnagr, Government College Of Nursing Mch Building 1St Floor Ggh Premises Mahabubnagar , Mahabubnagar , Distt.- Mahabubnagar, Telangana, Pin Code- 509001",Telangana,Mahabubnagar,Telangana,Government,B.Sc(N),60 (Sixty),60,509001,2025-2026,INC Yearly Report,https://online.indiannursingcouncil.org/Reports/YearlyReportByState.aspx,2026-09-11T11:39:10.168291
Telangana|Kamareddy|GOVERNMENT COLLEGE OF NURSING BANSWADA,Government College Of Nursing Banswada,"Government College Of Nursing Banswada, Mch Building, Area Hospital, Banswada, Distt.- Kamareddy, Telangana, Pin Code- 503187",Telangana,Kamareddy,Telangana,Government,B.Sc(N),100 (Hundred),100,503187,2025-2026,INC Yearly Report,https://online.indiannursingcouncil.org/Reports/YearlyReportByState.aspx,2026-09-11T11:39:10.168291
Telangana|Siddipet|GOVERNMENT COLLEGE OF NURSING- SIDDIPET,Government College Of Nursing- Siddipet,"Government College Of Nursing- Siddipet, 1St Floor, Old Mch Building, Near Buruzu, Siddipet, Distt.- Siddipet, Telangana, Pin Code- 502103",Telangana,Siddipet,Telangana,Government,B.Sc(N),100 (Hundred),100,502103,2025-2026,INC Yearly Report,https://online.indiannursingcouncil.org/Reports/YearlyReportByState.aspx,2026-09-11T11:39:10.168291
Telangana|Suryapet|GOVERNMENT COLLEGE OF NURSING,Government College Of Nursing,"Government College Of Nursing, Amaravadi Nagar,Thallagadda,Suryapet, Suryapet, Distt.- Suryapet, Telangana, Pin Code- 508213",Govt Of Telangana,Suryapet,Telangana,Government,B.Sc(N),60 (Sixty),60,508213,2025-2026,INC Yearly Report,https://online.indiannursingcouncil.org/Reports/YearlyReportByState.aspx,2026-09-11T11:39:10.168291
Telangana|Jagtial|GOVERNMENT COLLEGE OF NURSING,Government College Of Nursing,"Government College Of Nursing, Area Hospital, Jagital, Distt.- Jagtial, Telangana, Pin Code- 505327",Govt Of Telangana,Jagtial,Telangana,Government,B.Sc(N),40 (Forty),40,505327,2025-2026,INC Yearly Report,https://online.indiannursingcouncil.org/Reports/YearlyReportByState.aspx,2026-09-11T11:39:10.168291
Telangana|Jogulamba|GOVERNMENT COLLEGE OF NURSING,Government College Of Nursing,"Government College Of Nursing, Gadwal, Old Sp Office Building, Jogulamba Colony, Gadwal, Distt.- Jogulamba, Telangana, Pin Code- 509125",Government Of Tealngana,Jogulamba,Telangana,Government,B.Sc(N),60 (Sixty),60,509125,2025-2026,INC Yearly Report,https://online.indiannursingcouncil.org/Reports/YearlyReportByState.aspx,2026-09-11T11:39:10.168291
Telangana|Hyderabad|GOVERNMENT COLLEGE OF NURSING,Government College Of Nursing,"Government College Of Nursing, Gandhi Hospital, Secunderabad, Secunderabad, Distt.- Hyderabad, Telangana, Pin Code- 500003",Govt Of Telangana,Hyderabad,Telangana,Government,B.Sc(N),50 (Fifty),50,500003,2025-2026,INC Yearly Report,https://online.indiannursingcouncil.org/Reports/YearlyReportByState.aspx,2026-09-11T11:39:10.168291
Telangana|Sangareddy|GOVERNMENT COLLEGE OF NURSING,Government College Of Nursing,"Government College Of Nursing, Government College Of Nursing, Sangareddynear Police Quaters, Rajampet Road, Sangareddy, Sangareddy, Distt.- Sangareddy, Telangana, Pin Code- 502001",Telangana,Sangareddy,Telangana,Government,B.Sc(N),60 (Sixty),60,502001,2025-2026,INC Yearly Report,https://online.indiannursingcouncil.org/Reports/YearlyReportByState.aspx,2026-09-11T11:39:10.168291
Telangana|Wanaparthy|GOVERNMENT COLLEGE OF NURSING,Government College Of Nursing,"Government College Of Nursing, H.No : 6-77, Bhagiratha Functionhall, Bhagiratha Colony, Wanaparthy, Distt.- Wanaparthy, Telangana, Pin Code- 509103",Telangana,Wanaparthy,Telangana,Government,B.Sc(N),60 (Sixty),60,509103,2025-2026,INC Yearly Report,https://online.indiannursingcouncil.org/Reports/YearlyReportByState.aspx,2026-09-11T11:39:10.168291
Telangana|Mahabubabad|GOVERNMENT COLLEGE OF NURSING,Government College Of Nursing,"Government College Of Nursing, Mahabubabad, Indhira Nagar Colony, Behind Old Collectorate, Mahabubabad, Mahabubabad, Distt.- Mahabubabad, Telangana, Pin Code- 506101",Telangana,Mahabubabad,Telangana,Government,B.Sc(N),60 (Sixty),60,506101,2025-2026,INC Yearly Report,https://online.indiannursingcouncil.org/Reports/YearlyReportByState.aspx,2026-09-11T11:39:10.168291
Telangana|Nalgonda|GOVERNMENT COLLEGE OF NURSING,Government College Of Nursing,"Government College Of Nursing, Mahilapranganam,Miryalaguda Road,Nalgonda, Nalgonda, Distt.- Nalgonda, Telangana, Pin Code- 508001",Telangana,Nalgonda,Telangana,Government,B.Sc(N),60 (Sixty),60,508001,2025-2026,INC Yearly Report,https://online.indiannursingcouncil.org/Reports/YearlyReportByState.aspx,2026-09-11T11:39:10.168291
Telangana|Adilabad|GOVERNMENT COLLEGE OF NURSING,Government College Of Nursing,"Government College Of Nursing, Rajiv Gandhi Institute Of Medical Sciences, Adilabad, Distt.- Adilabad, Telangana, Pin Code- 504001",Govt Of Telangana,Adilabad,Telangana,Government,B.Sc(N),50 (Fifty),50,504001,2025-2026,INC Yearly Report,https://online.indiannursingcouncil.org/Reports/YearlyReportByState.aspx,2026-09-11T11:39:10.168291
Telangana|Warangal Urban|GOVT. COLLEGE OF NURSING,Govt. College Of Nursing,"Govt. College Of Nursing, Kakatiya Medical College Campus,&#9;Hanamkonda, Vill.- Hanamkonda, Tehsil- Hanamkonda, Distt.- Warangal Urban, Telangana, Pin Code- 506007",Govt Of Telangana,Warangal Urban,Telangana,Government,B.Sc(N),80 (Eighty),80,506007,2025-2026,INC Yearly Report,https://online.indiannursingcouncil.org/Reports/YearlyReportByState.aspx,2026-09-11T11:39:10.168291
Telangana|Hyderabad|GOVT. COLLEGE OF NURSING,Govt. College Of Nursing,"Govt. College Of Nursing, Raj Bhavan Road, Somajiguda, Hyderabad, Distt.- Hyderabad, Telangana, Pin Code- 500082",Government Of Telangana,Hyderabad,Telangana,Government,M. Sc (N) | B.Sc(N) | P B B.Sc(N),"30 (Thirty) Med Surg-10, Paed-5, Obg-10, Chn-5 | 60 (Sixty) | 10 (Ten)",100,500082,2025-2026,INC Yearly Report,https://online.indiannursingcouncil.org/Reports/YearlyReportByState.aspx,2026-09-11T11:39:10.168291
Telangana|Bhadradri|GOVT.COLLEGE OF NURSING,Govt.College Of Nursing,"Govt.College Of Nursing,Kothagudem, H.No-9-1-29 & 9-1-30, Rama Talkies Road, Opp.Abn Office, Beside Bhupathi Rao Hospital, Kothagudem, Kothagudem, Distt.- Bhadradri, Telangana, Pin Code- 507101",Telangana State,Bhadradri,Telangana,Government,B.Sc(N),60 (Sixty),60,507101,2025-2026,INC Yearly Report,https://online.indiannursingcouncil.org/Reports/YearlyReportByState.aspx,2026-09-11T11:39:10.168291
Telangana|Hyderabad|HOLY FATIMA SCHOOL OF NURSING,Holy Fatima School Of Nursing,"Holy Fatima School Of Nursing, Road No.29, Alakpoor, Township,Narsingi, Vill.- Mehdipatnam, Tehsil- Asifnagar, Distt.- Hyderabad, Telangana, Pin Code- 500028",Mekka Madina Trust For Education And Health,Hyderabad,Telangana,Private,GNM,45 (Forty Five),45,500028,2025-2026,INC Yearly Report,https://online.indiannursingcouncil.org/Reports/YearlyReportByState.aspx,2026-09-11T11:39:10.168291
Telangana|Hyderabad|HOLY MARY COLLEGE OF NURSING,Holy Mary College Of Nursing,"Holy Mary College Of Nursing, Plot No.1,Alkapoor, Narsingi, Behind Militery Play Ground, Hyderabad, Distt.- Hyderabad, Telangana, Pin Code- 500089",Muslim Minorities Education,Hyderabad,Telangana,Private,B.Sc(N) | M. Sc (N) | P B B.Sc(N),60 (Sixty) | 25 (Twenty Five) Med-Surg-5 Chn-5 Obg-5 Paed-5 Psy-5 | 30 (Thirty),115,500089,2025-2026,INC Yearly Report,https://online.indiannursingcouncil.org/Reports/YearlyReportByState.aspx,2026-09-11T11:39:10.168291
Telangana|Medchal|IMAGE MADHAPUR COLLEGE OF NURSING,Image Madhapur College Of Nursing,"Image Madhapur College Of Nursing, Plot No:59, Rock Garden, Yapral, Hyderabad, Distt.- Medchal, Telangana, Pin Code- 500073",Pragathi Education Society,Medchal,Telangana,Private,B.Sc(N),50 (Fifty),50,500073,2025-2026,INC Yearly Report,https://online.indiannursingcouncil.org/Reports/YearlyReportByState.aspx,2026-09-11T11:39:10.168291
Telangana|Hyderabad|INDO- AMERICAN COLLEGE OF NURSING,Indo- American College Of Nursing,"Indo- American College Of Nursing,, Road No. 14, Banjara Hills,, Hyderabad, Distt.- Hyderabad, Telangana, Pin Code- 500034",Shreemati Nandamuri Basava Taraka Ramarao Mem.,Hyderabad,Telangana,Private,B.Sc(N) | P B B.Sc(N) | Post Basic Diploma in Oncology Nursing,50 (Fifty) | 30 (Thirty) | 10 (Ten),90,500034,2025-2026,INC Yearly Report,https://online.indiannursingcouncil.org/Reports/YearlyReportByState.aspx,2026-09-11T11:39:10.168291
Telangana|Hyderabad|J M J SCHOOL OF NURSING,J M J School Of Nursing,"J M J School Of Nursing, St. Theresa's Hospital Campus, Sanathnagar, Hyderabad, Distt.- Hyderabad, Telangana, Pin Code- 500018",,Hyderabad,Telangana,Private,GNM | B.Sc(N) | M. Sc (N),45 (Forty Five) | 50 (Fifty) | 25 5 In Each Specialtiy,120,500018,2025-2026,INC Yearly Report,https://online.indiannursingcouncil.org/Reports/YearlyReportByState.aspx,2026-09-11T11:39:10.168291
Telangana|Ranga Reddy|JASWANTH SCHOOL OF NURSING,Jaswanth School Of Nursing,"Jaswanth School Of Nursing, 6-148/7, Lalitha Colony Jillelguda Rangareddy Dist Hyderabad Telangana State, Hyderabad, Distt.- Ranga Reddy, Telangana, Pin Code- 500079",Adithya Educational Society,Ranga Reddy,Telangana,Private,GNM,40 (Forty),40,500079,2025-2026,INC Yearly Report,https://online.indiannursingcouncil.org/Reports/YearlyReportByState.aspx,2026-09-11T11:39:16.509900
Telangana|Warangal Urban|JAYA COLLEGE OF B.SC NURSING,Jaya College Of B.Sc Nursing,"Jaya College Of B.Sc Nursing, H No. 6-2-91/1, Kakaji Colony, Jaya Hospital Complex, , Distt.- Warangal Urban, Telangana, Pin Code- 506011",Jaya Educational Society,Warangal Urban,Telangana,Private,B.Sc(N),40 (Forty),40,506011,2025-2026,INC Yearly Report,https://online.indiannursingcouncil.org/Reports/YearlyReportByState.aspx,2026-09-11T11:39:16.509900
Telangana|Warangal Urban|JAYA SCHOOL OF NURSING,Jaya School Of Nursing,"Jaya School Of Nursing, 7-1-394 Padmakshi Colony, Vill.- Hanamkonda, Tehsil- Hanamkonda, Distt.- Warangal Urban, Telangana, Pin Code- 506001",Jaya Medical And Education Society,Warangal Urban,Telangana,Private,GNM | B.Sc(N) | M. Sc (N),60 (Sixty) | 50 (Fifty) | 20 Paed-5 Obg-10 Msn-5,130,506001,2025-2026,INC Yearly Report,https://online.indiannursingcouncil.org/Reports/YearlyReportByState.aspx,2026-09-11T11:39:16.509900
Telangana|Nalgonda|JYOTHI SCHOOL OF NURSING,Jyothi School Of Nursing,"Jyothi School Of Nursing, C/O Jyothi Hospital,Near Anjaneyaswami Temple, Vill.- Miryalaguda, Tehsil- Miryalaguda, Distt.- Nalgonda, Telangana, Pin Code- 508207",Miryalaguda Peoples Health And Educational Society,Nalgonda,Telangana,Private,GNM,30 (Thirty),30,508207,2025-2026,INC Yearly Report,https://online.indiannursingcouncil.org/Reports/YearlyReportByState.aspx,2026-09-11T11:39:16.509900
Telangana|Hyderabad|K I M S COLLEGE OF NURSING,K I M S College Of Nursing,"K I M S College Of Nursing, Krishna Institute Of Medical Sciences College Of Nursing, # 1-8-31/1, Minister Road, Vill.- Secunderabad, Tehsil- Hyderabad, Distt.- Hyderabad, Telangana, Pin Code- 50",Krishna Institute Of Medical Sciences,Hyderabad,Telangana,Private,B.Sc(N) | GNM,100 (Hundred) | 60 (Sixty),160,,2025-2026,INC Yearly Report,https://online.indiannursingcouncil.org/Reports/YearlyReportByState.aspx,2026-09-11T11:39:16.509900
Telangana|Hyderabad|KALANJALI COLLEGE OF NURSING,Kalanjali College Of Nursing,"Kalanjali College Of Nursing, 16-10-1/Tr/B/1, Saleemnagar Colony, Malakpet, Vill.- Malakpet, Tehsil- Saidabad, Distt.- Hyderabad, Telangana, Pin Code- 500036",Kalanjali Society,Hyderabad,Telangana,Private,B.Sc(N),40 (Forty),40,500036,2025-2026,INC Yearly Report,https://online.indiannursingcouncil.org/Reports/YearlyReportByState.aspx,2026-09-11T11:39:16.509900
Telangana|Ranga Reddy|KAMINENI COLLEGE OF NURSING,Kamineni College Of Nursing,"Kamineni College Of Nursing,, Kamineni Hospital Campus, L.B.Nagar, , Hyderabad, Distt.- Ranga Reddy, Telangana, Pin Code- 500068",Kanineni Education Society,Ranga Reddy,Telangana,Private,M. Sc (N) | GNM | B.Sc(N),30 (Thirty) 6 In Each Speciality | 60 (Sixty) | 50 (Fifty),140,500068,2025-2026,INC Yearly Report,https://online.indiannursingcouncil.org/Reports/YearlyReportByState.aspx,2026-09-11T11:39:16.509900
Telangana|Nalgonda|KAMINENI INSTITUTE OF MEDICAL SCIENCES,Kamineni Institute Of Medical Sciences,"Kamineni Institute Of Medical Sciences, College Of Nursing, Sreepuram, Vill.- Narketpally, Tehsil- Narketpally, Distt.- Nalgonda, Telangana, Pin Code- 508254",Kamineni Education Society,Nalgonda,Telangana,Private,GNM | B.Sc(N) | M. Sc (N),"60 (Sixty) | 100 (One Hundred) | 25 Paed-5, Obg-5, Chn-5, Psy-5 Med-Surg-5",185,508254,2025-2026,INC Yearly Report,https://online.indiannursingcouncil.org/Reports/YearlyReportByState.aspx,2026-09-11T11:39:16.509900
Telangana|Ranga Reddy|KASTURI SCHOOL OF NURSING,Kasturi School Of Nursing,"Kasturi School Of Nursing, D.No:1-2-55, Kothapet,Saroornagar(P.O),, Hyderabad, Distt.- Ranga Reddy, Telangana, Pin Code- 500035",Kasturi Educational Society,Ranga Reddy,Telangana,Private,GNM,30 (Thirty),30,500035,2025-2026,INC Yearly Report,https://online.indiannursingcouncil.org/Reports/YearlyReportByState.aspx,2026-09-11T11:39:16.509900
Telangana|Khammam|KINNERA COLLEGE OF NURSING,Kinnera College Of Nursing,"Kinnera College Of Nursing, H No A1/2 ( Mallemadugu), Ballepalli Khammam Town, Vill.- Ballepally, Tehsil- Khammam, Distt.- Khammam, Telangana, Pin Code- 507002",Sri Kinnera Educational Society,Khammam,Telangana,Private,B.Sc(N),40 (Forty),40,507002,2025-2026,INC Yearly Report,https://online.indiannursingcouncil.org/Reports/YearlyReportByState.aspx,2026-09-11T11:39:16.509900
Telangana|Medchal|KUMUDINIDEVI COLLEGE OF NURSING KUMUDINIDEVI SCHOOL OF NURSING,Kumudinidevi College Of Nursing Kumudinidevi School Of Nursing,"Kumudinidevi College Of Nursing Kumudinidevi School Of Nursing, Opp.Metro Pillar No A777, Kukatpally, Hyderabad, Hyderabad, Distt.- Medchal, Telangana, Pin Code- 500072",Chaitanya Memorial Education Society,Medchal,Telangana,Private,GNM | B.Sc(N),40 (Forty) | 40 (Forty),80,500072,2025-2026,INC Yearly Report,https://online.indiannursingcouncil.org/Reports/YearlyReportByState.aspx,2026-09-11T11:39:16.509900
Telangana|Sangareddy|M N R SCHOOL OF NURSING,M N R School Of Nursing,"M N R School Of Nursing, Mnr Medical College Campus, Mnr Nagar, Fasalwadi, , Sangareddy , Distt.- Sangareddy, Telangana, Pin Code- 502294",M N R Educational Trust,Sangareddy,Telangana,Private,GNM | B.Sc(N) | M. Sc (N),40 (Forty) | 100 (One Hundred) | 16 (Sixteen) Med Surg-5 Chn-5 Obg-6,156,502294,2025-2026,INC Yearly Report,https://online.indiannursingcouncil.org/Reports/YearlyReportByState.aspx,2026-09-11T11:39:16.509900
Telangana|Ranga Reddy|MAHILA DAKSHATA SAMITHI AND BANSILAL MALANI COLLEGE OF NURSING,Mahila Dakshata Samithi And Bansilal Malani College Of Nursing,"Mahila Dakshata Samithi And Bansilal Malani College Of Nursing, H. No. 1-56/B/2/2, Survey No. 302 Gangaram, Chandanagar, , Distt.- Ranga Reddy, Telangana, Pin Code- 500050",Mahila Dakshata Samithi,Ranga Reddy,Telangana,Private,B.Sc(N),50 (Fifty),50,500050,2025-2026,INC Yearly Report,https://online.indiannursingcouncil.org/Reports/YearlyReportByState.aspx,2026-09-11T11:39:16.509900
Telangana|Hyderabad|MALLA REDDY COLLEGE OF NURSING,Malla Reddy College Of Nursing,"Malla Reddy College Of Nursing, Survey No.116,Suraram X Roads, Qutbullapur Municipality, Jeedimetla,, Hyderabad, Distt.- Hyderabad, Telangana, Pin Code- 500055",Chandramma Educational Society,Hyderabad,Telangana,Private,B.Sc(N),40 (Forty),40,500055,2025-2026,INC Yearly Report,https://online.indiannursingcouncil.org/Reports/YearlyReportByState.aspx,2026-09-11T11:39:16.509900
Telangana|Medchal|MAMATA NURSING COLLEGE,Mamata Nursing College,"Mamata Nursing College, Mamata Academy Of Medical Sciences Campus, Bachupally, Hyderabad, Distt.- Medchal, Telangana, Pin Code- 500090",Mamatha Educational Society,Medchal,Telangana,Private,B.Sc(N),100 (One Hundred),100,500090,2025-2026,INC Yearly Report,https://online.indiannursingcouncil.org/Reports/YearlyReportByState.aspx,2026-09-11T11:39:16.509900
Telangana|Khammam|MAMATA SCHOOL OF NURSING,Mamata School Of Nursing,"Mamata School Of Nursing,, Mgh Campus, Giriprasad Nagar, Vill.- Khammam, Tehsil- Khammam, Distt.- Khammam, Telangana, Pin Code- 507002",Mamata Educational Society,Khammam,Telangana,Private,GNM | B.Sc(N) | M. Sc (N),"60 (Sixty) | 100 (One Hundred) | 25 Med-Surg-5, Obg-5 Chn-5 Psy-5, Paed-5",185,507002,2025-2026,INC Yearly Report,https://online.indiannursingcouncil.org/Reports/YearlyReportByState.aspx,2026-09-11T11:39:16.509900
Telangana|Hyderabad|MANGAMMA MEMORIAL SCHOOL OF NURSING,Mangamma Memorial School Of Nursing,"Mangamma Memorial School Of Nursing, 16-10-1/Tr/D/A/1, Old Malakpet, Vill.- Malakpet, Tehsil- Saidabad, Distt.- Hyderabad, Telangana, Pin Code- 500036",St Joseph Educational Society,Hyderabad,Telangana,Private,GNM,45 (Forty Five),45,500036,2025-2026,INC Yearly Report,https://online.indiannursingcouncil.org/Reports/YearlyReportByState.aspx,2026-09-11T11:39:23.461036
Telangana|Bhadradri|MARUTHI COLLEGE OF NURSING,Maruthi College Of Nursing,"Maruthi College Of Nursing, H.No. 8-1-86 Indira Market Road , Bhadrachalam, Distt.- Bhadradri, Telangana, Pin Code- 507111",Maruthi Educational Society,Bhadradri,Telangana,Private,B.Sc(N),40 (Forty),40,507111,2025-2026,INC Yearly Report,https://online.indiannursingcouncil.org/Reports/YearlyReportByState.aspx,2026-09-11T11:39:23.461036
Telangana|Bhadradri|MARUTHI PARAMEDICAL ACADEMY SCHOOL OF NURSING,Maruthi Paramedical Academy School Of Nursing,"Maruthi Paramedical Academy School Of Nursing, H.No. 8-1-107,Old Lic Office Road, , Bhadrachalam, Distt.- Bhadradri, Telangana, Pin Code- 507111",Maruthi Paramedical Academy,Bhadradri,Telangana,Private,GNM | M. Sc (N) | B.Sc(N) | P B B.Sc(N),"45 (Forty Five) | 10 ; Med-Surg-4, Obg-2, Psy-4 | 40 (Forty) | 30 (Thirty)",125,507111,2025-2026,INC Yearly Report,https://online.indiannursingcouncil.org/Reports/YearlyReportByState.aspx,2026-09-11T11:39:23.461036
Telangana|Warangal Urban|MEDHA INSTITUTE OF NURSING & DIAGNOSTIC SCIENCES,Medha Institute Of Nursing & Diagnostic Sciences,"Medha Institute Of Nursing & Diagnostic Sciences, 47-5-283/A, Paidipally, Hanamkonda(M), Vill.- Paidipalli, Tehsil- Hanamkonda, Distt.- Warangal Urban, Telangana, Pin Code- 506006",Dhavala Educational Research And Society,Warangal Urban,Telangana,Private,B.Sc(N),40 (Forty),40,506006,2025-2026,INC Yearly Report,https://online.indiannursingcouncil.org/Reports/YearlyReportByState.aspx,2026-09-11T11:39:23.461036
Telangana|Medchal|MEDICITI COLLEGE OF NURSING,Mediciti College Of Nursing,"Mediciti College Of Nursing, Medchal Mandal, Vill.- Ghanpur, Tehsil- Medchal, Distt.- Medchal, Telangana, Pin Code- 501401",Share Medical Care,Medchal,Telangana,Private,B.Sc(N),100 (One Hundred),100,501401,2025-2026,INC Yearly Report,https://online.indiannursingcouncil.org/Reports/YearlyReportByState.aspx,2026-09-11T11:39:23.461036
Telangana|Hyderabad|MEDWIN COLLEGE OF NURSING,Medwin College Of Nursing,"Medwin College Of Nursing, 100 Rr Towers, Chirag Ali Lane, Hyderabad, Distt.- Hyderabad, Telangana, Pin Code- 500001",Medwin Educational Society,Hyderabad,Telangana,Private,B.Sc(N) | GNM,40 (Forty) | 40 (Forty),80,500001,2025-2026,INC Yearly Report,https://online.indiannursingcouncil.org/Reports/YearlyReportByState.aspx,2026-09-11T11:39:23.461036
Telangana|Hyderabad|MOTHER KRISHNA BAI COLLEGE OF NURSING,Mother Krishna Bai College Of Nursing,"Mother Krishna Bai College Of Nursing, D No. 1-5-551 To 554, Musheerabad , Distt.- Hyderabad, Telangana, Pin Code- 500020",Sagarlal Matadin Charitable Trust,Hyderabad,Telangana,Private,B.Sc(N) | M. Sc (N) | GNM,50 (Fifty) | 15 (Fifteen) Med-Surg-5 Obg-5 Paed-5 | 60 (Sixty),125,500020,2025-2026,INC Yearly Report,https://online.indiannursingcouncil.org/Reports/YearlyReportByState.aspx,2026-09-11T11:39:23.461036
Telangana|Mahabubnagar|NAVODAYA SCHOOL OF NURSING,Navodaya School Of Nursing,"Navodaya School Of Nursing, Sy. No.965/E Ward No,5, Bloc No.6 Situated Near Bhagheeratha Colony,, Vill.- Mahabubnagar, Tehsil- Mahbubnagar, Distt.- Mahabubnagar, Telangana, Pin Code- 509002",Navodaya Education Trust,Mahabubnagar,Telangana,Private,GNM | B.Sc(N),60 (Sixty) | 50 (Fifty),110,509002,2025-2026,INC Yearly Report,https://online.indiannursingcouncil.org/Reports/YearlyReportByState.aspx,2026-09-11T11:39:23.461036
Telangana|Medchal|NEELIMA COLLEGE OF NURSING,Neelima College Of Nursing,"Neelima College Of Nursing, Venkatapur Village Ghatkesar Mandal Medchal Dist, Hyderabad, Distt.- Medchal, Telangana, Pin Code- 500088",Gayathri Euducational And Cultural Trust,Medchal,Telangana,Private,B.Sc(N),50 (Fifty),50,500088,2025-2026,INC Yearly Report,https://online.indiannursingcouncil.org/Reports/YearlyReportByState.aspx,2026-09-11T11:39:23.461036
Telangana|Hyderabad|NIZAMS INSTITUTE OF MEDICAL SCIENCES,Nizams Institute Of Medical Sciences,"Nizams Institute Of Medical Sciences, Punjagutta, Hyderabad , Distt.- Hyderabad, Telangana, Pin Code- 500082",Nizams Trust,Hyderabad,Telangana,Private,B.Sc(N),100 (One Hundred),100,500082,2025-2026,INC Yearly Report,https://online.indiannursingcouncil.org/Reports/YearlyReportByState.aspx,2026-09-11T11:39:23.461036
Telangana|Hyderabad|OWAISI SCHOOL OF NURSING,Owaisi School Of Nursing,"Owaisi School Of Nursing, Owaisi Hospital And Reaserch Centre Campus,Dmrl X Roads, Kanchanbagh, Hyderabad, Distt.- Hyderabad, Telangana, Pin Code- 500058",Dar Us Salam Educational Trust,Hyderabad,Telangana,Private,GNM | B.Sc(N) | M. Sc (N),"30 (Thirty) | 50 (Fifty) | 20 ; Chn-5, Med-Surg-5, Paed-5, Obg-5",100,500058,2025-2026,INC Yearly Report,https://online.indiannursingcouncil.org/Reports/YearlyReportByState.aspx,2026-09-11T11:39:23.461036
Telangana|Suryapet|PIER GIORGIO FRASSATI COLLEGE OF NURSING,Pier Giorgio Frassati College Of Nursing,"Pier Giorgio Frassati College Of Nursing, # 1-76/1,Loyola Nagar,Gandhi Nagar, Suryapet Town, Distt.- Suryapet, Telangana, Pin Code- 508214",Nalgonda Diocese Society,Suryapet,Telangana,Private,B.Sc(N),50 (Fifty),50,508214,2025-2026,INC Yearly Report,https://online.indiannursingcouncil.org/Reports/YearlyReportByState.aspx,2026-09-11T11:39:23.461036
Telangana|Medchal|PIONEER COLLEGE OF NURSING,Pioneer College Of Nursing,"Pioneer College Of Nursing, Plot No 6Pushpak Cooperative Society,Prashanthi Nagar,, Vill.- Kukatpally, Tehsil- Kukatpally, Distt.- Medchal, Telangana, Pin Code- 500072",Pioneers Education Society,Medchal,Telangana,Private,B.Sc(N),50 (Fifty),50,500072,2025-2026,INC Yearly Report,https://online.indiannursingcouncil.org/Reports/YearlyReportByState.aspx,2026-09-11T11:39:23.461036
Telangana|Mancherial|PRABHA SCHOOL OF NURSING,Prabha School Of Nursing,"Prabha School Of Nursing, H.No.3-61/1A, , Vill.- Mulkala, Tehsil- Mancherial, Distt.- Mancherial, Telangana, Pin Code- 504208",Saini Educational Society,Mancherial,Telangana,Private,GNM,50 (Fifty),50,504208,2025-2026,INC Yearly Report,https://online.indiannursingcouncil.org/Reports/YearlyReportByState.aspx,2026-09-11T11:39:23.461036
Telangana|Medchal|PRAGATHI SCHOOL OF NURSING,Pragathi School Of Nursing,"Pragathi School Of Nursing,, 6-20/4,Baba Nagar, Nacharam 'X'roads,, Hyderabad , Distt.- Medchal, Telangana, Pin Code- 500076",Golden Guide Educational Society,Medchal,Telangana,Private,GNM,60 (Sixty),60,500076,2025-2026,INC Yearly Report,https://online.indiannursingcouncil.org/Reports/YearlyReportByState.aspx,2026-09-11T11:39:23.461036
Telangana|Warangal Urban|PRATHIMA RELIEF INSTITUTE OF MEDICAL SCIENCES,Prathima Relief Institute Of Medical Sciences,"Prathima Relief Institute Of Medical Sciences, H.No.51-3-630361,Sahasra Nagar, Vangapahad (V), Hasanparthy(M), Hanamkonda, Distt.- Warangal Urban, Telangana, Pin Code- 506007",Sahasra Educational Society,Warangal Urban,Telangana,Private,GNM | B.Sc(N),60 (Sixty) | 100 (One Hundred),160,630361,2025-2026,INC Yearly Report,https://online.indiannursingcouncil.org/Reports/YearlyReportByState.aspx,2026-09-11T11:39:23.461036
Telangana|Karimnagar|PRATHIMA SCHOOL OF NURSING,Prathima School Of Nursing,"Prathima School Of Nursing, Prathima Institute Of Medical Sciences, Vill.- Nagunur, Tehsil- Karimnagar (Rural), Distt.- Karimnagar, Telangana, Pin Code- 505417",Prathima Educational Society,Karimnagar,Telangana,Private,GNM | B.Sc(N) | M. Sc (N),"40 (Forty) | 100 (One Hundred) | 25 ; Med-Sur-7, Psy-4, Chn-5, Paed-4, Obg-5",165,505417,2025-2026,INC Yearly Report,https://online.indiannursingcouncil.org/Reports/YearlyReportByState.aspx,2026-09-11T11:39:23.461036
Telangana|Hyderabad|PRINCESS DURRU SHEHVAR COLLEGE OF NURSING,Princess Durru Shehvar College Of Nursing,"Princess Durru Shehvar College Of Nursing, 22-3-660Purani Haveli, , Hyderabad, Distt.- Hyderabad, Telangana, Pin Code- 500002",Princess Durru Shehvar Childrens Medical Aid Society,Hyderabad,Telangana,Private,B.Sc(N) | M. Sc (N),40 (Forty) | 12 (Twelve) Chn-4 Med-Surg-4 Paed-4,52,500002,2025-2026,INC Yearly Report,https://online.indiannursingcouncil.org/Reports/YearlyReportByState.aspx,2026-09-11T11:39:23.461036
Telangana|Hyderabad|PRINCIES ESIN SCHOOL OF NURSING,Princies Esin School Of Nursing,"Princies Esin School Of Nursing, H.No:22-3-660/643, Purani Haveli, , Hyderabad, Distt.- Hyderabad, Telangana, Pin Code- 500002",Nizamia Hyderabad Women's Association Trust,Hyderabad,Telangana,Private,GNM,60 (Sixty),60,500002,2025-2026,INC Yearly Report,https://online.indiannursingcouncil.org/Reports/YearlyReportByState.aspx,2026-09-11T11:39:29.682533
Telangana|Khammam|PULIPATI COLLEGE OF NURSING,Pulipati College Of Nursing,"Pulipati College Of Nursing, Sri Balaji Nagar, Ammapalem (V), Konijerla (M), , Distt.- Khammam, Telangana, Pin Code- 507305",Sri Sri Chinna Jiyer Swamy Educational Society,Khammam,Telangana,Private,B.Sc(N),50 (Fifty),50,507305,2025-2026,INC Yearly Report,https://online.indiannursingcouncil.org/Reports/YearlyReportByState.aspx,2026-09-11T11:39:29.682533
Telangana|Khammam|PULIPATI PRASAD COLLEGE OF NURSING,Pulipati Prasad College Of Nursing,"Pulipati Prasad College Of Nursing, Khanapuram Haveli, Rajanna, Khammam, Distt.- Khammam, Telangana, Pin Code- 507001",Sri Chinna Jiyer Swamy Educational Soc,Khammam,Telangana,Private,B.Sc(N),50 (Ffity),50,507001,2025-2026,INC Yearly Report,https://online.indiannursingcouncil.org/Reports/YearlyReportByState.aspx,2026-09-11T11:39:29.682533
Telangana|Medchal|RAINBOW COLLEGE OF NURSING,Rainbow College Of Nursing,"Rainbow College Of Nursing, Ghanpur, Medical Mandal, Vill.- Ghanpur, Tehsil- Medchal, Distt.- Medchal, Telangana, Pin Code- 501401",Rainbow Childrens Health Care Society,Medchal,Telangana,Private,B.Sc(N),50 (Fifty),50,501401,2025-2026,INC Yearly Report,https://online.indiannursingcouncil.org/Reports/YearlyReportByState.aspx,2026-09-11T11:39:29.682533
Telangana|Siddipet|RAJABOINA VENKATAIAH MEMORIAL COLLEGE OF NURSING,Rajaboina Venkataiah Memorial College Of Nursing,"Rajaboina Venkataiah Memorial College Of Nursing, 2-51/1, Laxmakkapally(V), Mulugu(M), Siddipet (D), Telanagana, Mulugu, Distt.- Siddipet, Telangana, Pin Code- 502279",Rvm Charitable Trust,Siddipet,Telangana,Private,M. Sc (N) | P B B.Sc(N) | Post Basic Diploma in Critical care nursing | Post Basic Diploma in Oncology Nursing | GNM | B.Sc(N),25 (Twenty Five) 05 In Each Speciality | 30 (Thirty) | 20 (Twenty) | 20 (Twenty) | 100 (One Hundred) | 190 (ONE HUNDRED NINETY),385,502279,2025-2026,INC Yearly Report,https://online.indiannursingcouncil.org/Reports/YearlyReportByState.aspx,2026-09-11T11:39:29.682533
Telangana|Medchal|REMEDY SCHOOL OF NURSING,Remedy School Of Nursing,"Remedy School Of Nursing, Ferozguda, Balanagar Mandal, Hyderabad, Balanagar, Distt.- Medchal, Telangana, Pin Code- 500011",Albha Educational Society,Medchal,Telangana,Private,GNM,32 (Thirty Two),32,500011,2025-2026,INC Yearly Report,https://online.indiannursingcouncil.org/Reports/YearlyReportByState.aspx,2026-09-11T11:39:29.682533
Telangana|Warangal Urban|ROHINI COLLEGE OF NURSING,Rohini College Of Nursing,"Rohini College Of Nursing, 23-6-186/1, Shyampet, Hanamkonda, Distt.- Warangal Urban, Telangana, Pin Code- 506001",Rohini Educational Society,Warangal Urban,Telangana,Private,P B B.Sc(N) | B.Sc(N) | M. Sc (N) | GNM,"25 (Twenty Five) | 50 (Fifty) | 25 (Twenty Five) Med-Surg.-05, Pead-05, Chn-05, Obg-05, Psy-05 | 60 (Sixty)",160,506001,2025-2026,INC Yearly Report,https://online.indiannursingcouncil.org/Reports/YearlyReportByState.aspx,2026-09-11T11:39:29.682533
Telangana|Hyderabad|SAINIK ASPATAL MILITARY HOSPITAL,Sainik Aspatal Military Hospital,"Sainik Aspatal Military Hospital, School Of Nursing, Secunderabad, Distt.- Hyderabad, Telangana, Pin Code- 500015",Ministry Of Defence,Hyderabad,Telangana,Government,GNM,50 (Fifty),50,500015,2025-2026,INC Yearly Report,https://online.indiannursingcouncil.org/Reports/YearlyReportByState.aspx,2026-09-11T11:39:29.682533
Telangana|Karimnagar|SANTOSH SCHOOL OF NURSING,Santosh School Of Nursing,"Santosh School Of Nursing, 10-3-251, Vidynagar , Karimnagar, Distt.- Karimnagar, Telangana, Pin Code- 505001",Santosh Education Society,Karimnagar,Telangana,Private,GNM | B.Sc(N),50 (Fifty) | 50 (Fifty),100,505001,2025-2026,INC Yearly Report,https://online.indiannursingcouncil.org/Reports/YearlyReportByState.aspx,2026-09-11T11:39:29.682533
Telangana|Ranga Reddy|SHADAN SCHOOL OF NURSING,Shadan School Of Nursing,"Shadan School Of Nursing, Peerancheru, Himayath Sagar Road, Golconda Post, , Vill.- Peerancheru, Tehsil- Rajendranagar, Distt.- Ranga Reddy, Telangana, Pin Code- 500091",Shadan Educational Society,Ranga Reddy,Telangana,Private,GNM | B.Sc(N),30 (Thirty) | 50 (Fifty),80,500091,2025-2026,INC Yearly Report,https://online.indiannursingcouncil.org/Reports/YearlyReportByState.aspx,2026-09-11T11:39:29.682533
Telangana|Medchal|SHREE VIJAYA SCHOOL OF NURSING,Shree Vijaya School Of Nursing,"Shree Vijaya School Of Nursing, H.No 9-12,S.V.Nagar,Nagaram,Keesara Mandal, Hyderabad, Distt.- Medchal, Telangana, Pin Code- 500083",Vijaya Educational Society,Medchal,Telangana,Private,GNM,30 (Thirty),30,500083,2025-2026,INC Yearly Report,https://online.indiannursingcouncil.org/Reports/YearlyReportByState.aspx,2026-09-11T11:39:29.682533
Telangana|Ranga Reddy|SINDHU SCHOOL AND COLLEGE OF NURSING,Sindhu School And College Of Nursing,"Sindhu School And College Of Nursing , Sy.No:41/14/2,Khanamet, Serilingampalli, Hyderabad, 500084, Hyderabad, Distt.- Ranga Reddy, Telangana, Pin Code- 500084",Sai Sindhu Foundation,Ranga Reddy,Telangana,Private,GNM | B.Sc(N),40 (Forty) | 100 (One Hundred),140,500084,2025-2026,INC Yearly Report,https://online.indiannursingcouncil.org/Reports/YearlyReportByState.aspx,2026-09-11T11:39:29.682533
Telangana|Medchal|SITA RAMAIAH SCHOOL OF NURSING,Sita Ramaiah School Of Nursing,"Sita Ramaiah School Of Nursing,, H.No- 2-9-91/93/B Suraram Colony, Ida Jeedimetla, , Hyderabad, Distt.- Medchal, Telangana, Pin Code- 500055",Sitaramaiah Educational And Research Society,Medchal,Telangana,Private,GNM | B.Sc(N),45 (Forty Five) | 50 (Fifty),95,500055,2025-2026,INC Yearly Report,https://online.indiannursingcouncil.org/Reports/YearlyReportByState.aspx,2026-09-11T11:39:29.682533
Telangana|Suryapet|SNEHA COLLEGE OF NURSING,Sneha College Of Nursing,"Sneha College Of Nursing, N. No.3-110/3, Block No. 2 , Vill.- Kodad, Tehsil- Kodad, Distt.- Suryapet, Telangana, Pin Code- 508206",Sneha Rural Development Society,Suryapet,Telangana,Private,B.Sc(N),50 (Fifty),50,508206,2025-2026,INC Yearly Report,https://online.indiannursingcouncil.org/Reports/YearlyReportByState.aspx,2026-09-11T11:39:29.682533
Telangana|Ranga Reddy|SRI BALAJI COLLEGE OF NURSING AND SRI BALAJI SHOOL OF NURSING,Sri Balaji College Of Nursing And Sri Balaji Shool Of Nursing,"Sri Balaji College Of Nursing And Sri Balaji Shool Of Nursing, Door No: 5-4-1589/21/N, Sharadanagar Colony, Sahebnagar Kalan Village, Hayath Nagar Mandal, Hyderabad, Distt.- Ranga Reddy, Telangana,",Mother Teresa Education And Rural Development Society,Ranga Reddy,Telangana,Private,GNM | B.Sc(N),40 (Forty) | 40 (Forty),80,,2025-2026,INC Yearly Report,https://online.indiannursingcouncil.org/Reports/YearlyReportByState.aspx,2026-09-11T11:39:29.682533
Telangana|Nizamabad|SRI RAMACHANDRA COLLEGE OF NURSING,Sri Ramachandra College Of Nursing,"Sri Ramachandra College Of Nursing, H.No 1-1-7/D/1A/10, Vinayak Nagar, Opp Munnuru Kapu Kalyana Mandapam, , Nizamabad, Distt.- Nizamabad, Telangana, Pin Code- 503003",Tirumala Medical Academy Edu Society,Nizamabad,Telangana,Private,B.Sc(N),60 (Sixty),60,503003,2025-2026,INC Yearly Report,https://online.indiannursingcouncil.org/Reports/YearlyReportByState.aspx,2026-09-11T11:39:29.682533
Telangana|Nalgonda|SRI SAI COLLEGE OF NURSING,Sri Sai College Of Nursing,"Sri Sai College Of Nursing,, H No 94/2, Shanthi Nagar, Near Vishnavi School, Ranga Reddy, Distt.- Nalgonda, Telangana, Pin Code- 508001",Sri Sai Educational Society,Nalgonda,Telangana,Private,B.Sc(N),40 (Forty),40,508001,2025-2026,INC Yearly Report,https://online.indiannursingcouncil.org/Reports/YearlyReportByState.aspx,2026-09-11T11:39:35.974835
Telangana|Mahabubnagar|SRI VENKATA SAI SCHOOL OF NURSING,Sri Venkata Sai School Of Nursing,"Sri Venkata Sai School Of Nursing, Svs Medical College, Yenugonda, Mahabubnagar, Distt.- Mahabubnagar, Telangana, Pin Code- 509002",Sri Venkata Sai Educational Society,Mahabubnagar,Telangana,Private,GNM | B.Sc(N) | M. Sc (N) | P B B.Sc(N),"60 (Sixty) | 100 (One Hundred) | 20 ; Med-Surg-4, Obg-4, Pae-4, Chn-4, Psy-4 | 30 (Thirty)",210,509002,2025-2026,INC Yearly Report,https://online.indiannursingcouncil.org/Reports/YearlyReportByState.aspx,2026-09-11T11:39:35.974835
Telangana|Medchal|SRI VENKATESHWARA SCHOOL OF NURSING,Sri Venkateshwara School Of Nursing,"Sri Venkateshwara School Of Nursing, 4-159,172 L K Hospital Pvt Ltd,Maruti Nagar,Hyderabad , , Distt.- Medchal, Telangana, Pin Code- 500047",Sri Venkateshwara Medical Aid Society,Medchal,Telangana,Private,GNM,60 (Sixty),60,500047,2025-2026,INC Yearly Report,https://online.indiannursingcouncil.org/Reports/YearlyReportByState.aspx,2026-09-11T11:39:35.974835
Telangana|Warangal Urban|ST ANN'S SCHOOL OF NURSING,St Ann's School Of Nursing,"St Ann's School Of Nursing, Fathimanagar, Kazipet Mandal, Distt.- Warangal Urban, Telangana, Pin Code- 506004",Congrigation Of The Sisters Of St. Anna Of Providence,Warangal Urban,Telangana,Private,GNM | B.Sc(N),50 (Fifty) | 50 (Fifty),100,506004,2025-2026,INC Yearly Report,https://online.indiannursingcouncil.org/Reports/YearlyReportByState.aspx,2026-09-11T11:39:35.974835
Telangana|Warangal Urban|ST JOHN COLLEGE OF NURSING,St John College Of Nursing,"St John College Of Nursing, Village Yellapur Hasanparthy Mandal Warangal , Vill.- Yellapur , Tehsil- Hasanparthy, Distt.- Warangal Urban, Telangana, Pin Code- 506371",Johnson Education Society,Warangal Urban,Telangana,Private,B.Sc(N),40 (Forty),40,506371,2025-2026,INC Yearly Report,https://online.indiannursingcouncil.org/Reports/YearlyReportByState.aspx,2026-09-11T11:39:35.974835
Telangana|Siddipet|SURABHI COLLEGE OF NURSING,Surabhi College Of Nursing,"Surabhi College Of Nursing, Survey No. 302-303, Mittapally Village, Siddipet, Distt.- Siddipet, Telangana, Pin Code- 502375",The Surabhi Educational Society,Siddipet,Telangana,Private,B.Sc(N),100 (Hundred),100,502375,2025-2026,INC Yearly Report,https://online.indiannursingcouncil.org/Reports/YearlyReportByState.aspx,2026-09-11T11:39:35.974835
Telangana|Khammam|SWARNANJALI COLLEGE OF NURSING,Swarnanjali College Of Nursing,"Swarnanjali College Of Nursing, H No 6-3-186, Bank Colony, , Khammam, Distt.- Khammam, Telangana, Pin Code- 507002",Swarnanjali Educational And Welfare Association,Khammam,Telangana,Private,B.Sc(N),40 (Forty),40,507002,2025-2026,INC Yearly Report,https://online.indiannursingcouncil.org/Reports/YearlyReportByState.aspx,2026-09-11T11:39:35.974835
Telangana|Hyderabad|T.G.S.R.T.C. COLLEGE OF NURSING,T.G.S.R.T.C. College Of Nursing,"T.G.S.R.T.C. College Of Nursing, Tarnaka Flyover, Osmania University Road, Hyderabad, Distt.- Hyderabad, Telangana, Pin Code- 500007",T.G.S.R.T.C.,Hyderabad,Telangana,Government,B.Sc(N),50 (Fifty),50,500007,2025-2026,INC Yearly Report,https://online.indiannursingcouncil.org/Reports/YearlyReportByState.aspx,2026-09-11T11:39:35.974835
Telangana|Medchal|TEJESWI SCHOOL OF NURSING,Tejeswi School Of Nursing,"Tejeswi School Of Nursing, Plot No_5, Prashanthi Nagar, Kukatpally, Hyderabad, Distt.- Medchal, Telangana, Pin Code- 500072",Tejeswi Education Society,Medchal,Telangana,Private,GNM,45 (Forty Five),45,500072,2025-2026,INC Yearly Report,https://online.indiannursingcouncil.org/Reports/YearlyReportByState.aspx,2026-09-11T11:39:35.974835
Telangana|Medchal|THATHA SCHOOL OF NURSING,Thatha School Of Nursing,"Thatha School Of Nursing,, 22, Anupuram, E C I L Post, Hyderabad , Distt.- Medchal, Telangana, Pin Code- 500062",Devs Medical And Educational Society,Medchal,Telangana,Private,GNM,30 (Thirty),30,500062,2025-2026,INC Yearly Report,https://online.indiannursingcouncil.org/Reports/YearlyReportByState.aspx,2026-09-11T11:39:35.974835
Telangana|Ranga Reddy|THE LITTLE FLOWER SCHOOL OF NURSING,The Little Flower School Of Nursing,"The Little Flower School Of Nursing, H No 4-34 35, 5-4-425, Kamalanagar Near Sampoorna Theatre , Hyderabad, Distt.- Ranga Reddy, Telangana, Pin Code- 500070",Sravanthi Educational Society,Ranga Reddy,Telangana,Private,GNM,60 (Sixty),60,500070,2025-2026,INC Yearly Report,https://online.indiannursingcouncil.org/Reports/YearlyReportByState.aspx,2026-09-11T11:39:35.974835
Telangana|Nizamabad|TIRUMALA COLLEGE OF NURSING,Tirumala College Of Nursing,"Tirumala College Of Nursing,, Tirumala Nagar, Vill.- Bardipur, Tehsil- Dich Palle, Distt.- Nizamabad, Telangana, Pin Code- 503230",Tirumala Medical Academy Education Society,Nizamabad,Telangana,Private,M. Sc (N) | GNM | B.Sc(N) | P B B.Sc(N),15; 3 In Each Speciality | 30 (Thirty) | 50 (Fifty) | 30 (Thirty),125,503230,2025-2026,INC Yearly Report,https://online.indiannursingcouncil.org/Reports/YearlyReportByState.aspx,2026-09-11T11:39:35.974835
Telangana|Medchal|TULASI COLLEGE OF NURSING,Tulasi College Of Nursing,"Tulasi College Of Nursing, Tulasi Hospitals, A-12, Electronic Complex, Ecil X Road, Kushaiguda, Hyderabad, Distt.- Medchal, Telangana, Pin Code- 500062",Life Shine Medical Services Private Limited,Medchal,Telangana,Private,B.Sc(N),50 (Fifty),50,500062,2025-2026,INC Yearly Report,https://online.indiannursingcouncil.org/Reports/YearlyReportByState.aspx,2026-09-11T11:39:35.974835
Telangana|Suryapet|VANDANA SCHOOL OF NUSING,Vandana School Of Nusing,"Vandana School Of Nusing, Bhavani Nagar, Kodad, Distt.- Suryapet, Telangana, Pin Code- 508206",Sai Manikanta Nursing Home,Suryapet,Telangana,Private,GNM,40 (Forty),40,508206,2025-2026,INC Yearly Report,https://online.indiannursingcouncil.org/Reports/YearlyReportByState.aspx,2026-09-11T11:39:35.974835
Telangana|Hyderabad|VIJAY MARIE COLLEGE OF NURSING,Vijay Marie College Of Nursing,"Vijay Marie College Of Nursing, Uma Nagar Colony, Street No:3, Begumpet, Hyderabad, Distt.- Hyderabad, Telangana, Pin Code- 500016",The Sisters Of Charity Of Secunderabad Province,Hyderabad,Telangana,Private,M. Sc (N) | GNM | B.Sc(N),20 4 In Each Speciality | 45 (Forty Five) | 40 (Forty),105,500016,2025-2026,INC Yearly Report,https://online.indiannursingcouncil.org/Reports/YearlyReportByState.aspx,2026-09-11T11:39:35.974835
Telangana|Medchal|VIJAYA HEALTH CARE ACADEMIC SOCIETY COLLEGE OF NURSING,Vijaya Health Care Academic Society College Of Nursing,"Vijaya Health Care Academic Society College Of Nursing, Survey Nos. 157 & 167, Village Godhumakunta, Keesara Mandal, , Vill.- Godhumakunta, Tehsil- Keesara, Distt.- Medchal, Telangana, Pin Code-",Vijaya Health Care Academic Society,Medchal,Telangana,Private,P B B.Sc(N) | B.Sc(N) | GNM,30 (Thirty) | 50 (Fifty) | 45 (Forty Five),125,,2025-2026,INC Yearly Report,https://online.indiannursingcouncil.org/Reports/YearlyReportByState.aspx,2026-09-11T11:39:35.974835
Telangana|Medchal|YASHODA COLLEGE OF NURSING,Yashoda College Of Nursing,"Yashoda College Of Nursing, H.No. 4-126/8, Sy. No.459(Part), Mandal-Medchal, Vill.- Gowdavally , Tehsil- Alwal, Distt.- Medchal, Telangana, Pin Code- 501401",Jaya Educational And Research Society,Medchal,Telangana,Private,B.Sc(N) | M. Sc (N) | P B B.Sc(N) | Upgraded College of Nursing,100 (One Hundred) | 30 (Thirty) Med Surg-06 Obg-06 Psy-06 Paed-06 Chn-06 | 40 (Forty) | 60 (Sixty),230,501401,2025-2026,INC Yearly Report,https://online.indiannursingcouncil.org/Reports/YearlyReportByState.aspx,2026-09-11T11:39:35.974835
Telangana|Ranga Reddy|YASHODA COLLEGE OF NURSING,Yashoda College Of Nursing,"Yashoda College Of Nursing, Plot No: C-53,Road No: 16, Green Park Colony,Saroornagar, Hyderabad. 500035Telangana, Hyderabad, Distt.- Ranga Reddy, Telangana, Pin Code- 500035",Yashoda Educational And Cancer Research Society,Ranga Reddy,Telangana,Private,Upgraded College of Nursing | P B B.Sc(N) | B.Sc(N) | M. Sc (N),"60 (Sixty) | 40 (Forty) | 100 (One Hundred) | 35; Med-Surg-8, Chn-8, Obg-8, Psy-7, Paed-4",235,500035,2025-2026,INC Yearly Report,https://online.indiannursingcouncil.org/Reports/YearlyReportByState.aspx,2026-09-11T11:39:42.019244
Telangana|Medchal|YASHODA LAKSHMI COLLEGE & SCHOOL OF NURSING,Yashoda Lakshmi College & School Of Nursing,"Yashoda Lakshmi College & School Of Nursing, Hno: 4-126/8/1, Sy.No: 459(P), Gowdavally (V), Hyderabad, Distt.- Medchal, Telangana, Pin Code- 501401",Lakshmi Educational And Research Society,Medchal,Telangana,Private,Post Basic Diploma in Operation Room Nursing | Post Basic Diploma in Cardio Thoracic Nursing | Post Basic Diploma in Neurology Nursing | Post Basic Diploma in Critical care nursing | Post Basic Diploma in Emergency &amp; Disaster Nursing | Post Basic Diploma in Oncology Nursing,20 (Twenty) | 20 (Twenty) | 20 (Twenty) | 20 (Twenty) | 20 (Twenty) | 20 (Twenty),120,501401,2025-2026,INC Yearly Report,https://online.indiannursingcouncil.org/Reports/YearlyReportByState.aspx,2026-09-11T11:39:42.019244
Telangana|Medchal|YASHODA LAKSHMI COLLEGE OF NURSING,Yashoda Lakshmi College Of Nursing,"Yashoda Lakshmi College Of Nursing,, H.No: 4-126/8/1, Sy.No: 459(P), Gowdavally (V), Medical (M) , Vill.- Gowdavally, Tehsil- Medchal, Distt.- Medchal, Telangana, Pin Code- 501401",Laxmi Educational And Research Society,Medchal,Telangana,Private,B.Sc(N),100 (One Hundred),100,501401,2025-2026,INC Yearly Report,https://online.indiannursingcouncil.org/Reports/YearlyReportByState.aspx,2026-09-11T11:39:42.019244
