pseudocode,UDISE_Code,School_Name,State,District,Block,PIN,Match_Status,Match_Method,Evidence_Source,Evidence_URL,Confidence,Verification_Date
4545250,27281101905,SANT PACHALEGAONKAR PRATHMP.S.,MAHARASHTRA,LATUR,LATUR URC1,,EXACT,KYS_API_track_schoolId,KYS UDISE+ Portal API,https://kys.udiseplus.gov.in/web-app/api/school/track?schoolId=4545250,HIGH,2026-09-10
4552494,27220200373,R. D. VIDYAMANDIR ENGLISH SCHOOL,MAHARASHTRA,MUMBAI (SUBURBAN),URC-2 (KANDIVALI),,EXACT,KYS_API_track_schoolId,KYS UDISE+ Portal API,https://kys.udiseplus.gov.in/web-app/api/school/track?schoolId=4552494,HIGH,2026-09-10
1850849,,,,,,,UNMATCHED,KYS_API_track_schoolId,KYS UDISE+ Portal API,https://kys.udiseplus.gov.in/web-app/api/school/track?schoolId=1850849,N/A,2026-09-10
1024396,01170701509,SAFFRON PUBLIC SCHOOL(PS),JAMMU & KASHMIR,KISHTWAR,KISHTWAR,,EXACT,KYS_API_track_schoolId,KYS UDISE+ Portal API,https://kys.udiseplus.gov.in/web-app/api/school/track?schoolId=1024396,HIGH,2026-09-10
5002144,32021300206,AROLI  CENTRAL LPS,KERALA,KANNUR,PAPPINISSERI,,EXACT,KYS_API_track_schoolId,KYS UDISE+ Portal API,https://kys.udiseplus.gov.in/web-app/api/school/track?schoolId=5002144,HIGH,2026-09-10
6961006,,,,,,,UNMATCHED,KYS_API_track_schoolId,KYS UDISE+ Portal API,https://kys.udiseplus.gov.in/web-app/api/school/track?schoolId=6961006,N/A,2026-09-10
3196811,,,,,,,UNMATCHED,KYS_API_track_schoolId,KYS UDISE+ Portal API,https://kys.udiseplus.gov.in/web-app/api/school/track?schoolId=3196811,N/A,2026-09-10
7507570,,,,,,,UNMATCHED,KYS_API_track_schoolId,KYS UDISE+ Portal API,https://kys.udiseplus.gov.in/web-app/api/school/track?schoolId=7507570,N/A,2026-09-10
4532438,27251205401,ZPPS MIDGULWADI,MAHARASHTRA,PUNE,SHIRUR,,EXACT,KYS_API_track_schoolId,KYS UDISE+ Portal API,https://kys.udiseplus.gov.in/web-app/api/school/track?schoolId=4532438,HIGH,2026-09-10
3022769,,,,,,,UNMATCHED,KYS_API_track_schoolId,KYS UDISE+ Portal API,https://kys.udiseplus.gov.in/web-app/api/school/track?schoolId=3022769,N/A,2026-09-10
6409550,,,,,,,UNMATCHED,KYS_API_track_schoolId,KYS UDISE+ Portal API,https://kys.udiseplus.gov.in/web-app/api/school/track?schoolId=6409550,N/A,2026-09-10
4429859,,,,,,,UNMATCHED,KYS_API_track_schoolId,KYS UDISE+ Portal API,https://kys.udiseplus.gov.in/web-app/api/school/track?schoolId=4429859,N/A,2026-09-10
4777664,,,,,,,UNMATCHED,KYS_API_track_schoolId,KYS UDISE+ Portal API,https://kys.udiseplus.gov.in/web-app/api/school/track?schoolId=4777664,N/A,2026-09-10
2572957,,,,,,,UNMATCHED,KYS_API_track_schoolId,KYS UDISE+ Portal API,https://kys.udiseplus.gov.in/web-app/api/school/track?schoolId=2572957,N/A,2026-09-10
7723485,,,,,,,UNMATCHED,KYS_API_track_schoolId,KYS UDISE+ Portal API,https://kys.udiseplus.gov.in/web-app/api/school/track?schoolId=7723485,N/A,2026-09-10
4028957,23100323203,PS AGRA,MADHYA PRADESH,PANNA,PANNA,,EXACT,KYS_API_track_schoolId,KYS UDISE+ Portal API,https://kys.udiseplus.gov.in/web-app/api/school/track?schoolId=4028957,HIGH,2026-09-10
7039207,,,,,,,UNMATCHED,KYS_API_track_schoolId,KYS UDISE+ Portal API,https://kys.udiseplus.gov.in/web-app/api/school/track?schoolId=7039207,N/A,2026-09-10
2211443,09510100124,NEW RAYS PUBLIC SCHOOL,UTTAR PRADESH,SHRAWASTI,GILAULA,,EXACT,KYS_API_track_schoolId,KYS UDISE+ Portal API,https://kys.udiseplus.gov.in/web-app/api/school/track?schoolId=2211443,HIGH,2026-09-10
5249624,,,,,,,UNMATCHED,KYS_API_track_schoolId,KYS UDISE+ Portal API,https://kys.udiseplus.gov.in/web-app/api/school/track?schoolId=5249624,N/A,2026-09-10
8544847,,,,,,,UNMATCHED,KYS_API_track_schoolId,KYS UDISE+ Portal API,https://kys.udiseplus.gov.in/web-app/api/school/track?schoolId=8544847,N/A,2026-09-10
6528267,,,,,,,UNMATCHED,KYS_API_track_schoolId,KYS UDISE+ Portal API,https://kys.udiseplus.gov.in/web-app/api/school/track?schoolId=6528267,N/A,2026-09-10
8681150,,,,,,,UNMATCHED,KYS_API_track_schoolId,KYS UDISE+ Portal API,https://kys.udiseplus.gov.in/web-app/api/school/track?schoolId=8681150,N/A,2026-09-10
3780453,,,,,,,UNMATCHED,KYS_API_track_schoolId,KYS UDISE+ Portal API,https://kys.udiseplus.gov.in/web-app/api/school/track?schoolId=3780453,N/A,2026-09-10
3730751,21300506602,"GOVT PRIMARY SCHOOL, MADKAGUDA",ODISHA,MALKANGIRI,MALKANGIRI,,EXACT,KYS_API_track_schoolId,KYS UDISE+ Portal API,https://kys.udiseplus.gov.in/web-app/api/school/track?schoolId=3730751,HIGH,2026-09-10
2936326,,,,,,,UNMATCHED,KYS_API_track_schoolId,KYS UDISE+ Portal API,https://kys.udiseplus.gov.in/web-app/api/school/track?schoolId=2936326,N/A,2026-09-10
6025836,,,,,,,UNMATCHED,KYS_API_track_schoolId,KYS UDISE+ Portal API,https://kys.udiseplus.gov.in/web-app/api/school/track?schoolId=6025836,N/A,2026-09-10
8618441,,,,,,,UNMATCHED,KYS_API_track_schoolId,KYS UDISE+ Portal API,https://kys.udiseplus.gov.in/web-app/api/school/track?schoolId=8618441,N/A,2026-09-10
6771522,,,,,,,UNMATCHED,KYS_API_track_schoolId,KYS UDISE+ Portal API,https://kys.udiseplus.gov.in/web-app/api/school/track?schoolId=6771522,N/A,2026-09-10
1196546,,,,,,,UNMATCHED,KYS_API_track_schoolId,KYS UDISE+ Portal API,https://kys.udiseplus.gov.in/web-app/api/school/track?schoolId=1196546,N/A,2026-09-10
7508286,,,,,,,UNMATCHED,KYS_API_track_schoolId,KYS UDISE+ Portal API,https://kys.udiseplus.gov.in/web-app/api/school/track?schoolId=7508286,N/A,2026-09-10
5124039,33120400132,CPS GONDINAGAR,TAMILNADU,COIMBATORE,PERUR,,EXACT,KYS_API_track_schoolId,KYS UDISE+ Portal API,https://kys.udiseplus.gov.in/web-app/api/school/track?schoolId=5124039,HIGH,2026-09-10
4908531,,,,,,,UNMATCHED,KYS_API_track_schoolId,KYS UDISE+ Portal API,https://kys.udiseplus.gov.in/web-app/api/school/track?schoolId=4908531,N/A,2026-09-10
5806227,,,,,,,UNMATCHED,KYS_API_track_schoolId,KYS UDISE+ Portal API,https://kys.udiseplus.gov.in/web-app/api/school/track?schoolId=5806227,N/A,2026-09-10
5559508,29191213001,GLPS JONNAPALLI,KARNATAKA,KOLAR,SRINIVASAPUR,,EXACT,KYS_API_track_schoolId,KYS UDISE+ Portal API,https://kys.udiseplus.gov.in/web-app/api/school/track?schoolId=5559508,HIGH,2026-09-10
2650297,,,,,,,UNMATCHED,KYS_API_track_schoolId,KYS UDISE+ Portal API,https://kys.udiseplus.gov.in/web-app/api/school/track?schoolId=2650297,N/A,2026-09-10
9031742,,,,,,,UNMATCHED,KYS_API_track_schoolId,KYS UDISE+ Portal API,https://kys.udiseplus.gov.in/web-app/api/school/track?schoolId=9031742,N/A,2026-09-10
6258511,,,,,,,UNMATCHED,KYS_API_track_schoolId,KYS UDISE+ Portal API,https://kys.udiseplus.gov.in/web-app/api/school/track?schoolId=6258511,N/A,2026-09-10
1729680,08260900604,MA BADI KENDRA NADA FALA MAYAR,RAJASTHAN,SALUMBAR,SARADA,,EXACT,KYS_API_track_schoolId,KYS UDISE+ Portal API,https://kys.udiseplus.gov.in/web-app/api/school/track?schoolId=1729680,HIGH,2026-09-10
9136714,,,,,,,UNMATCHED,KYS_API_track_schoolId,KYS UDISE+ Portal API,https://kys.udiseplus.gov.in/web-app/api/school/track?schoolId=9136714,N/A,2026-09-10
4412456,,,,,,,UNMATCHED,KYS_API_track_schoolId,KYS UDISE+ Portal API,https://kys.udiseplus.gov.in/web-app/api/school/track?schoolId=4412456,N/A,2026-09-10
1671657,,,,,,,UNMATCHED,KYS_API_track_schoolId,KYS UDISE+ Portal API,https://kys.udiseplus.gov.in/web-app/api/school/track?schoolId=1671657,N/A,2026-09-10
6958528,,,,,,,UNMATCHED,KYS_API_track_schoolId,KYS UDISE+ Portal API,https://kys.udiseplus.gov.in/web-app/api/school/track?schoolId=6958528,N/A,2026-09-10
2578169,,,,,,,UNMATCHED,KYS_API_track_schoolId,KYS UDISE+ Portal API,https://kys.udiseplus.gov.in/web-app/api/school/track?schoolId=2578169,N/A,2026-09-10
6156606,,,,,,,UNMATCHED,KYS_API_track_schoolId,KYS UDISE+ Portal API,https://kys.udiseplus.gov.in/web-app/api/school/track?schoolId=6156606,N/A,2026-09-10
4893281,,,,,,,UNMATCHED,KYS_API_track_schoolId,KYS UDISE+ Portal API,https://kys.udiseplus.gov.in/web-app/api/school/track?schoolId=4893281,N/A,2026-09-10
2860907,,,,,,,UNMATCHED,KYS_API_track_schoolId,KYS UDISE+ Portal API,https://kys.udiseplus.gov.in/web-app/api/school/track?schoolId=2860907,N/A,2026-09-10
6337747,,,,,,,UNMATCHED,KYS_API_track_schoolId,KYS UDISE+ Portal API,https://kys.udiseplus.gov.in/web-app/api/school/track?schoolId=6337747,N/A,2026-09-10
2568825,,,,,,,UNMATCHED,KYS_API_track_schoolId,KYS UDISE+ Portal API,https://kys.udiseplus.gov.in/web-app/api/school/track?schoolId=2568825,N/A,2026-09-10
1464293,,,,,,,UNMATCHED,KYS_API_track_schoolId,KYS UDISE+ Portal API,https://kys.udiseplus.gov.in/web-app/api/school/track?schoolId=1464293,N/A,2026-09-10
5688946,,,,,,,UNMATCHED,KYS_API_track_schoolId,KYS UDISE+ Portal API,https://kys.udiseplus.gov.in/web-app/api/school/track?schoolId=5688946,N/A,2026-09-10
8302687,,,,,,,UNMATCHED,KYS_API_track_schoolId,KYS UDISE+ Portal API,https://kys.udiseplus.gov.in/web-app/api/school/track?schoolId=8302687,N/A,2026-09-10
5968917,,,,,,,UNMATCHED,KYS_API_track_schoolId,KYS UDISE+ Portal API,https://kys.udiseplus.gov.in/web-app/api/school/track?schoolId=5968917,N/A,2026-09-10
8226954,,,,,,,UNMATCHED,KYS_API_track_schoolId,KYS UDISE+ Portal API,https://kys.udiseplus.gov.in/web-app/api/school/track?schoolId=8226954,N/A,2026-09-10
1453066,,,,,,,UNMATCHED,KYS_API_track_schoolId,KYS UDISE+ Portal API,https://kys.udiseplus.gov.in/web-app/api/school/track?schoolId=1453066,N/A,2026-09-10
1968682,09151710901,G.P.P.BAGRAJPUR,UTTAR PRADESH,AGRA,M.C.AGRA CITY,,EXACT,KYS_API_track_schoolId,KYS UDISE+ Portal API,https://kys.udiseplus.gov.in/web-app/api/school/track?schoolId=1968682,HIGH,2026-09-10
2001660,09260202101,P.S.FAREED PUR KATTAR,UTTAR PRADESH,UNNAO,BAGARMAU,,EXACT,KYS_API_track_schoolId,KYS UDISE+ Portal API,https://kys.udiseplus.gov.in/web-app/api/school/track?schoolId=2001660,HIGH,2026-09-10
2136894,09280205201,PS DIDAULI,UTTAR PRADESH,RAE BARELI,AMAWAN,,EXACT,KYS_API_track_schoolId,KYS UDISE+ Portal API,https://kys.udiseplus.gov.in/web-app/api/school/track?schoolId=2136894,HIGH,2026-09-10
8434441,,,,,,,UNMATCHED,KYS_API_track_schoolId,KYS UDISE+ Portal API,https://kys.udiseplus.gov.in/web-app/api/school/track?schoolId=8434441,N/A,2026-09-10
3414680,19141404505,ADDA PRY.,WEST BENGAL,PURULIYA,PARA,,EXACT,KYS_API_track_schoolId,KYS UDISE+ Portal API,https://kys.udiseplus.gov.in/web-app/api/school/track?schoolId=3414680,HIGH,2026-09-10
3891048,,,,,,,UNMATCHED,KYS_API_track_schoolId,KYS UDISE+ Portal API,https://kys.udiseplus.gov.in/web-app/api/school/track?schoolId=3891048,N/A,2026-09-10
3964628,23330105220,ADARSH ACADEMY HSS MAINA,MADHYA PRADESH,SEHORE,ASHTA,,EXACT,KYS_API_track_schoolId,KYS UDISE+ Portal API,https://kys.udiseplus.gov.in/web-app/api/school/track?schoolId=3964628,HIGH,2026-09-10
1299116,,,,,,,UNMATCHED,KYS_API_track_schoolId,KYS UDISE+ Portal API,https://kys.udiseplus.gov.in/web-app/api/school/track?schoolId=1299116,N/A,2026-09-10
9793903,,,,,,,UNMATCHED,KYS_API_track_schoolId,KYS UDISE+ Portal API,https://kys.udiseplus.gov.in/web-app/api/school/track?schoolId=9793903,N/A,2026-09-10
8832681,,,,,,,UNMATCHED,KYS_API_track_schoolId,KYS UDISE+ Portal API,https://kys.udiseplus.gov.in/web-app/api/school/track?schoolId=8832681,N/A,2026-09-10
4625284,,,,,,,UNMATCHED,KYS_API_track_schoolId,KYS UDISE+ Portal API,https://kys.udiseplus.gov.in/web-app/api/school/track?schoolId=4625284,N/A,2026-09-10
8957852,,,,,,,UNMATCHED,KYS_API_track_schoolId,KYS UDISE+ Portal API,https://kys.udiseplus.gov.in/web-app/api/school/track?schoolId=8957852,N/A,2026-09-10
9200467,,,,,,,UNMATCHED,KYS_API_track_schoolId,KYS UDISE+ Portal API,https://kys.udiseplus.gov.in/web-app/api/school/track?schoolId=9200467,N/A,2026-09-10
9568250,,,,,,,UNMATCHED,KYS_API_track_schoolId,KYS UDISE+ Portal API,https://kys.udiseplus.gov.in/web-app/api/school/track?schoolId=9568250,N/A,2026-09-10
9536832,,,,,,,UNMATCHED,KYS_API_track_schoolId,KYS UDISE+ Portal API,https://kys.udiseplus.gov.in/web-app/api/school/track?schoolId=9536832,N/A,2026-09-10
3774129,,,,,,,UNMATCHED,KYS_API_track_schoolId,KYS UDISE+ Portal API,https://kys.udiseplus.gov.in/web-app/api/school/track?schoolId=3774129,N/A,2026-09-10
4625539,,,,,,,UNMATCHED,KYS_API_track_schoolId,KYS UDISE+ Portal API,https://kys.udiseplus.gov.in/web-app/api/school/track?schoolId=4625539,N/A,2026-09-10
7868876,,,,,,,UNMATCHED,KYS_API_track_schoolId,KYS UDISE+ Portal API,https://kys.udiseplus.gov.in/web-app/api/school/track?schoolId=7868876,N/A,2026-09-10
4468831,,,,,,,UNMATCHED,KYS_API_track_schoolId,KYS UDISE+ Portal API,https://kys.udiseplus.gov.in/web-app/api/school/track?schoolId=4468831,N/A,2026-09-10
7339436,,,,,,,UNMATCHED,KYS_API_track_schoolId,KYS UDISE+ Portal API,https://kys.udiseplus.gov.in/web-app/api/school/track?schoolId=7339436,N/A,2026-09-10
5066949,,,,,,,UNMATCHED,KYS_API_track_schoolId,KYS UDISE+ Portal API,https://kys.udiseplus.gov.in/web-app/api/school/track?schoolId=5066949,N/A,2026-09-10
9414208,,,,,,,UNMATCHED,KYS_API_track_schoolId,KYS UDISE+ Portal API,https://kys.udiseplus.gov.in/web-app/api/school/track?schoolId=9414208,N/A,2026-09-10
8022497,,,,,,,UNMATCHED,KYS_API_track_schoolId,KYS UDISE+ Portal API,https://kys.udiseplus.gov.in/web-app/api/school/track?schoolId=8022497,N/A,2026-09-10
7645222,,,,,,,UNMATCHED,KYS_API_track_schoolId,KYS UDISE+ Portal API,https://kys.udiseplus.gov.in/web-app/api/school/track?schoolId=7645222,N/A,2026-09-10
2096466,09220202003,MADARSA FAIZ UL QURAN,UTTAR PRADESH,SHAHJAHANPUR,JAITIPUR,,EXACT,KYS_API_track_schoolId,KYS UDISE+ Portal API,https://kys.udiseplus.gov.in/web-app/api/school/track?schoolId=2096466,HIGH,2026-09-10
9831806,,,,,,,UNMATCHED,KYS_API_track_schoolId,KYS UDISE+ Portal API,https://kys.udiseplus.gov.in/web-app/api/school/track?schoolId=9831806,N/A,2026-09-10
7933001,,,,,,,UNMATCHED,KYS_API_track_schoolId,KYS UDISE+ Portal API,https://kys.udiseplus.gov.in/web-app/api/school/track?schoolId=7933001,N/A,2026-09-10
9101875,,,,,,,UNMATCHED,KYS_API_track_schoolId,KYS UDISE+ Portal API,https://kys.udiseplus.gov.in/web-app/api/school/track?schoolId=9101875,N/A,2026-09-10
1594438,,,,,,,UNMATCHED,KYS_API_track_schoolId,KYS UDISE+ Portal API,https://kys.udiseplus.gov.in/web-app/api/school/track?schoolId=1594438,N/A,2026-09-10
3111907,,,,,,,UNMATCHED,KYS_API_track_schoolId,KYS UDISE+ Portal API,https://kys.udiseplus.gov.in/web-app/api/school/track?schoolId=3111907,N/A,2026-09-10
1730285,08261208703,G.P.S.DOLFALA,RAJASTHAN,UDAIPUR,RISHABHDEV,,EXACT,KYS_API_track_schoolId,KYS UDISE+ Portal API,https://kys.udiseplus.gov.in/web-app/api/school/track?schoolId=1730285,HIGH,2026-09-10
6111914,,,,,,,UNMATCHED,KYS_API_track_schoolId,KYS UDISE+ Portal API,https://kys.udiseplus.gov.in/web-app/api/school/track?schoolId=6111914,N/A,2026-09-10
8979396,,,,,,,UNMATCHED,KYS_API_track_schoolId,KYS UDISE+ Portal API,https://kys.udiseplus.gov.in/web-app/api/school/track?schoolId=8979396,N/A,2026-09-10
9603123,,,,,,,UNMATCHED,KYS_API_track_schoolId,KYS UDISE+ Portal API,https://kys.udiseplus.gov.in/web-app/api/school/track?schoolId=9603123,N/A,2026-09-10
3764839,21250206402,"GOVT. PRIMARY SCHOOL, MAHULMUNDA",ODISHA,NUAPADA,KHARIAR,,EXACT,KYS_API_track_schoolId,KYS UDISE+ Portal API,https://kys.udiseplus.gov.in/web-app/api/school/track?schoolId=3764839,HIGH,2026-09-10
2054432,09610304004,S.A.G.U.P.S.OJHAULI,UTTAR PRADESH,AZAMGARH,SATHIYAN,,EXACT,KYS_API_track_schoolId,KYS UDISE+ Portal API,https://kys.udiseplus.gov.in/web-app/api/school/track?schoolId=2054432,HIGH,2026-09-10
5433463,36020902205,MPUPS SEETHANAGAR,TELANGANA,KUMURAM BHEEM ASIFABAD,KAGAZNAGAR,,EXACT,KYS_API_track_schoolId,KYS UDISE+ Portal API,https://kys.udiseplus.gov.in/web-app/api/school/track?schoolId=5433463,HIGH,2026-09-10
7022886,,,,,,,UNMATCHED,KYS_API_track_schoolId,KYS UDISE+ Portal API,https://kys.udiseplus.gov.in/web-app/api/school/track?schoolId=7022886,N/A,2026-09-10
7343155,,,,,,,UNMATCHED,KYS_API_track_schoolId,KYS UDISE+ Portal API,https://kys.udiseplus.gov.in/web-app/api/school/track?schoolId=7343155,N/A,2026-09-10
9489999,,,,,,,UNMATCHED,KYS_API_track_schoolId,KYS UDISE+ Portal API,https://kys.udiseplus.gov.in/web-app/api/school/track?schoolId=9489999,N/A,2026-09-10
5274338,,,,,,,UNMATCHED,KYS_API_track_schoolId,KYS UDISE+ Portal API,https://kys.udiseplus.gov.in/web-app/api/school/track?schoolId=5274338,N/A,2026-09-10
5903225,,,,,,,UNMATCHED,KYS_API_track_schoolId,KYS UDISE+ Portal API,https://kys.udiseplus.gov.in/web-app/api/school/track?schoolId=5903225,N/A,2026-09-10
3521002,,,,,,,UNMATCHED,KYS_API_track_schoolId,KYS UDISE+ Portal API,https://kys.udiseplus.gov.in/web-app/api/school/track?schoolId=3521002,N/A,2026-09-10
1097704,,,,,,,UNMATCHED,KYS_API_track_schoolId,KYS UDISE+ Portal API,https://kys.udiseplus.gov.in/web-app/api/school/track?schoolId=1097704,N/A,2026-09-10
3421805,19203000711,ALIGUNJ SISHU NIKETAN,WEST BENGAL,PASCHIM MEDINIPUR,MIDNAPORE(MN),,EXACT,KYS_API_track_schoolId,KYS UDISE+ Portal API,https://kys.udiseplus.gov.in/web-app/api/school/track?schoolId=3421805,HIGH,2026-09-10
1519400,06130506608,GGSSS DHANANA,HARYANA,BHIWANI,BHIWANI,,EXACT,KYS_API_track_schoolId,KYS UDISE+ Portal API,https://kys.udiseplus.gov.in/web-app/api/school/track?schoolId=1519400,HIGH,2026-09-10
6380822,,,,,,,UNMATCHED,KYS_API_track_schoolId,KYS UDISE+ Portal API,https://kys.udiseplus.gov.in/web-app/api/school/track?schoolId=6380822,N/A,2026-09-10
6721276,,,,,,,UNMATCHED,KYS_API_track_schoolId,KYS UDISE+ Portal API,https://kys.udiseplus.gov.in/web-app/api/school/track?schoolId=6721276,N/A,2026-09-10
9702542,,,,,,,UNMATCHED,KYS_API_track_schoolId,KYS UDISE+ Portal API,https://kys.udiseplus.gov.in/web-app/api/school/track?schoolId=9702542,N/A,2026-09-10
1127373,,,,,,,UNMATCHED,KYS_API_track_schoolId,KYS UDISE+ Portal API,https://kys.udiseplus.gov.in/web-app/api/school/track?schoolId=1127373,N/A,2026-09-10
2379705,,,,,,,UNMATCHED,KYS_API_track_schoolId,KYS UDISE+ Portal API,https://kys.udiseplus.gov.in/web-app/api/school/track?schoolId=2379705,N/A,2026-09-10
5565632,29230604901,GHPS  SOMANAHALLY,KARNATAKA,HASSAN,HOLENARASIPURA,,EXACT,KYS_API_track_schoolId,KYS UDISE+ Portal API,https://kys.udiseplus.gov.in/web-app/api/school/track?schoolId=5565632,HIGH,2026-09-10
1753249,08331371731,G.P.S NAWIN KASBA,RAJASTHAN,PRATAPGARH,PRATAPGARH,,EXACT,KYS_API_track_schoolId,KYS UDISE+ Portal API,https://kys.udiseplus.gov.in/web-app/api/school/track?schoolId=1753249,HIGH,2026-09-10
3047268,,,,,,,UNMATCHED,KYS_API_track_schoolId,KYS UDISE+ Portal API,https://kys.udiseplus.gov.in/web-app/api/school/track?schoolId=3047268,N/A,2026-09-10
9490728,,,,,,,UNMATCHED,KYS_API_track_schoolId,KYS UDISE+ Portal API,https://kys.udiseplus.gov.in/web-app/api/school/track?schoolId=9490728,N/A,2026-09-10
6353315,,,,,,,UNMATCHED,KYS_API_track_schoolId,KYS UDISE+ Portal API,https://kys.udiseplus.gov.in/web-app/api/school/track?schoolId=6353315,N/A,2026-09-10
5116170,33071502302,PANCHAYAT UNION PRIMARY SCHOOL JAWLIKUPPAM,TAMILNADU,KALLAKURICHI,SANKARAPURAM,,EXACT,KYS_API_track_schoolId,KYS UDISE+ Portal API,https://kys.udiseplus.gov.in/web-app/api/school/track?schoolId=5116170,HIGH,2026-09-10
3076593,,,,,,,UNMATCHED,KYS_API_track_schoolId,KYS UDISE+ Portal API,https://kys.udiseplus.gov.in/web-app/api/school/track?schoolId=3076593,N/A,2026-09-10
1356264,,,,,,,UNMATCHED,KYS_API_track_schoolId,KYS UDISE+ Portal API,https://kys.udiseplus.gov.in/web-app/api/school/track?schoolId=1356264,N/A,2026-09-10
3534897,,,,,,,UNMATCHED,KYS_API_track_schoolId,KYS UDISE+ Portal API,https://kys.udiseplus.gov.in/web-app/api/school/track?schoolId=3534897,N/A,2026-09-10
2965642,,,,,,,UNMATCHED,KYS_API_track_schoolId,KYS UDISE+ Portal API,https://kys.udiseplus.gov.in/web-app/api/school/track?schoolId=2965642,N/A,2026-09-10
5466638,,,,,,,UNMATCHED,KYS_API_track_schoolId,KYS UDISE+ Portal API,https://kys.udiseplus.gov.in/web-app/api/school/track?schoolId=5466638,N/A,2026-09-10
3541352,,,,,,,UNMATCHED,KYS_API_track_schoolId,KYS UDISE+ Portal API,https://kys.udiseplus.gov.in/web-app/api/school/track?schoolId=3541352,N/A,2026-09-10
2171993,09670900402,SHRI USHA SANSKRIT U.M.VIDYALAY CHHOTI MALDAHIYA,UTTAR PRADESH,VARANASI,NAGAR NIGAM,,EXACT,KYS_API_track_schoolId,KYS UDISE+ Portal API,https://kys.udiseplus.gov.in/web-app/api/school/track?schoolId=2171993,HIGH,2026-09-10
1096224,,,,,,,UNMATCHED,KYS_API_track_schoolId,KYS UDISE+ Portal API,https://kys.udiseplus.gov.in/web-app/api/school/track?schoolId=1096224,N/A,2026-09-10
9372196,,,,,,,UNMATCHED,KYS_API_track_schoolId,KYS UDISE+ Portal API,https://kys.udiseplus.gov.in/web-app/api/school/track?schoolId=9372196,N/A,2026-09-10
3648775,20240703001,U M S RAIPURA,JHARKHAND,RAMGARH,GOLA,,EXACT,KYS_API_track_schoolId,KYS UDISE+ Portal API,https://kys.udiseplus.gov.in/web-app/api/school/track?schoolId=3648775,HIGH,2026-09-10
3066824,,,,,,,UNMATCHED,KYS_API_track_schoolId,KYS UDISE+ Portal API,https://kys.udiseplus.gov.in/web-app/api/school/track?schoolId=3066824,N/A,2026-09-10
3475144,19020305102,UTTAR KATHULIA SSK ,WEST BENGAL,JALPAIGURI,DHUPGURI,,EXACT,KYS_API_track_schoolId,KYS UDISE+ Portal API,https://kys.udiseplus.gov.in/web-app/api/school/track?schoolId=3475144,HIGH,2026-09-10
1053698,,,,,,,UNMATCHED,KYS_API_track_schoolId,KYS UDISE+ Portal API,https://kys.udiseplus.gov.in/web-app/api/school/track?schoolId=1053698,N/A,2026-09-10
2369264,,,,,,,UNMATCHED,KYS_API_track_schoolId,KYS UDISE+ Portal API,https://kys.udiseplus.gov.in/web-app/api/school/track?schoolId=2369264,N/A,2026-09-10
2517640,,,,,,,UNMATCHED,KYS_API_track_schoolId,KYS UDISE+ Portal API,https://kys.udiseplus.gov.in/web-app/api/school/track?schoolId=2517640,N/A,2026-09-10
9767050,,,,,,,UNMATCHED,KYS_API_track_schoolId,KYS UDISE+ Portal API,https://kys.udiseplus.gov.in/web-app/api/school/track?schoolId=9767050,N/A,2026-09-10
4747272,,,,,,,UNMATCHED,KYS_API_track_schoolId,KYS UDISE+ Portal API,https://kys.udiseplus.gov.in/web-app/api/school/track?schoolId=4747272,N/A,2026-09-10
3445951,19202808801,DHARMASAGAR  PRY.,WEST BENGAL,PASCHIM MEDINIPUR,DASPUR-1,,EXACT,KYS_API_track_schoolId,KYS UDISE+ Portal API,https://kys.udiseplus.gov.in/web-app/api/school/track?schoolId=3445951,HIGH,2026-09-10
1838663,,,,,,,UNMATCHED,KYS_API_track_schoolId,KYS UDISE+ Portal API,https://kys.udiseplus.gov.in/web-app/api/school/track?schoolId=1838663,N/A,2026-09-10
8177365,,,,,,,UNMATCHED,KYS_API_track_schoolId,KYS UDISE+ Portal API,https://kys.udiseplus.gov.in/web-app/api/school/track?schoolId=8177365,N/A,2026-09-10
8485091,,,,,,,UNMATCHED,KYS_API_track_schoolId,KYS UDISE+ Portal API,https://kys.udiseplus.gov.in/web-app/api/school/track?schoolId=8485091,N/A,2026-09-10
1464303,,,,,,,UNMATCHED,KYS_API_track_schoolId,KYS UDISE+ Portal API,https://kys.udiseplus.gov.in/web-app/api/school/track?schoolId=1464303,N/A,2026-09-10
2500695,10290116004,SUSHILA PUBLIC SCHOOL,BIHAR,BHOJPUR,ARA,,EXACT,KYS_API_track_schoolId,KYS UDISE+ Portal API,https://kys.udiseplus.gov.in/web-app/api/school/track?schoolId=2500695,HIGH,2026-09-10
1019778,01130707006,BAL BHARATI HIGH SCHOOL NANAK NAGAR,JAMMU & KASHMIR,JAMMU,GANDHI NAGAR,,EXACT,KYS_API_track_schoolId,KYS UDISE+ Portal API,https://kys.udiseplus.gov.in/web-app/api/school/track?schoolId=1019778,HIGH,2026-09-10
7658168,,,,,,,UNMATCHED,KYS_API_track_schoolId,KYS UDISE+ Portal API,https://kys.udiseplus.gov.in/web-app/api/school/track?schoolId=7658168,N/A,2026-09-10
8108990,,,,,,,UNMATCHED,KYS_API_track_schoolId,KYS UDISE+ Portal API,https://kys.udiseplus.gov.in/web-app/api/school/track?schoolId=8108990,N/A,2026-09-10
2287276,,,,,,,UNMATCHED,KYS_API_track_schoolId,KYS UDISE+ Portal API,https://kys.udiseplus.gov.in/web-app/api/school/track?schoolId=2287276,N/A,2026-09-10
9787716,,,,,,,UNMATCHED,KYS_API_track_schoolId,KYS UDISE+ Portal API,https://kys.udiseplus.gov.in/web-app/api/school/track?schoolId=9787716,N/A,2026-09-10
6943807,,,,,,,UNMATCHED,KYS_API_track_schoolId,KYS UDISE+ Portal API,https://kys.udiseplus.gov.in/web-app/api/school/track?schoolId=6943807,N/A,2026-09-10
8152128,,,,,,,UNMATCHED,KYS_API_track_schoolId,KYS UDISE+ Portal API,https://kys.udiseplus.gov.in/web-app/api/school/track?schoolId=8152128,N/A,2026-09-10
3315187,18110313607,NAHARGURI LPS,ASSAM,SONITPUR,BALIPARA,,EXACT,KYS_API_track_schoolId,KYS UDISE+ Portal API,https://kys.udiseplus.gov.in/web-app/api/school/track?schoolId=3315187,HIGH,2026-09-10
6989148,,,,,,,UNMATCHED,KYS_API_track_schoolId,KYS UDISE+ Portal API,https://kys.udiseplus.gov.in/web-app/api/school/track?schoolId=6989148,N/A,2026-09-10
4714763,28142391019,HI-TECH PS (EM) ESWAR NAGAR,ANDHRA PRADESH,KAKINADA,KAKINADA(RURAL),,EXACT,KYS_API_track_schoolId,KYS UDISE+ Portal API,https://kys.udiseplus.gov.in/web-app/api/school/track?schoolId=4714763,HIGH,2026-09-10
5269865,,,,,,,UNMATCHED,KYS_API_track_schoolId,KYS UDISE+ Portal API,https://kys.udiseplus.gov.in/web-app/api/school/track?schoolId=5269865,N/A,2026-09-10
6184054,,,,,,,UNMATCHED,KYS_API_track_schoolId,KYS UDISE+ Portal API,https://kys.udiseplus.gov.in/web-app/api/school/track?schoolId=6184054,N/A,2026-09-10
6704981,,,,,,,UNMATCHED,KYS_API_track_schoolId,KYS UDISE+ Portal API,https://kys.udiseplus.gov.in/web-app/api/school/track?schoolId=6704981,N/A,2026-09-10
6410849,,,,,,,UNMATCHED,KYS_API_track_schoolId,KYS UDISE+ Portal API,https://kys.udiseplus.gov.in/web-app/api/school/track?schoolId=6410849,N/A,2026-09-10
4510245,27191109003,ADARSH PS EKNATHNAGAR,MAHARASHTRA,CHHATRAPATI SAMBHAJINAGAR,URC2,,EXACT,KYS_API_track_schoolId,KYS UDISE+ Portal API,https://kys.udiseplus.gov.in/web-app/api/school/track?schoolId=4510245,HIGH,2026-09-10
8151693,,,,,,,UNMATCHED,KYS_API_track_schoolId,KYS UDISE+ Portal API,https://kys.udiseplus.gov.in/web-app/api/school/track?schoolId=8151693,N/A,2026-09-10
2982299,,,,,,,UNMATCHED,KYS_API_track_schoolId,KYS UDISE+ Portal API,https://kys.udiseplus.gov.in/web-app/api/school/track?schoolId=2982299,N/A,2026-09-10
9336724,,,,,,,UNMATCHED,KYS_API_track_schoolId,KYS UDISE+ Portal API,https://kys.udiseplus.gov.in/web-app/api/school/track?schoolId=9336724,N/A,2026-09-10
7275908,,,,,,,UNMATCHED,KYS_API_track_schoolId,KYS UDISE+ Portal API,https://kys.udiseplus.gov.in/web-app/api/school/track?schoolId=7275908,N/A,2026-09-10
5863549,,,,,,,UNMATCHED,KYS_API_track_schoolId,KYS UDISE+ Portal API,https://kys.udiseplus.gov.in/web-app/api/school/track?schoolId=5863549,N/A,2026-09-10
8839150,,,,,,,UNMATCHED,KYS_API_track_schoolId,KYS UDISE+ Portal API,https://kys.udiseplus.gov.in/web-app/api/school/track?schoolId=8839150,N/A,2026-09-10
1074204,,,,,,,UNMATCHED,KYS_API_track_schoolId,KYS UDISE+ Portal API,https://kys.udiseplus.gov.in/web-app/api/school/track?schoolId=1074204,N/A,2026-09-10
7728733,,,,,,,UNMATCHED,KYS_API_track_schoolId,KYS UDISE+ Portal API,https://kys.udiseplus.gov.in/web-app/api/school/track?schoolId=7728733,N/A,2026-09-10
5902602,,,,,,,UNMATCHED,KYS_API_track_schoolId,KYS UDISE+ Portal API,https://kys.udiseplus.gov.in/web-app/api/school/track?schoolId=5902602,N/A,2026-09-10
2467175,10371106301,M.S.DHADHAUR,BIHAR,JAMUI,SIKANDRA,,EXACT,KYS_API_track_schoolId,KYS UDISE+ Portal API,https://kys.udiseplus.gov.in/web-app/api/school/track?schoolId=2467175,HIGH,2026-09-10
4822076,,,,,,,UNMATCHED,KYS_API_track_schoolId,KYS UDISE+ Portal API,https://kys.udiseplus.gov.in/web-app/api/school/track?schoolId=4822076,N/A,2026-09-10
1859411,,,,,,,UNMATCHED,KYS_API_track_schoolId,KYS UDISE+ Portal API,https://kys.udiseplus.gov.in/web-app/api/school/track?schoolId=1859411,N/A,2026-09-10
9900663,,,,,,,UNMATCHED,KYS_API_track_schoolId,KYS UDISE+ Portal API,https://kys.udiseplus.gov.in/web-app/api/school/track?schoolId=9900663,N/A,2026-09-10
9451572,,,,,,,UNMATCHED,KYS_API_track_schoolId,KYS UDISE+ Portal API,https://kys.udiseplus.gov.in/web-app/api/school/track?schoolId=9451572,N/A,2026-09-10
7241343,,,,,,,UNMATCHED,KYS_API_track_schoolId,KYS UDISE+ Portal API,https://kys.udiseplus.gov.in/web-app/api/school/track?schoolId=7241343,N/A,2026-09-10
3007335,,,,,,,UNMATCHED,KYS_API_track_schoolId,KYS UDISE+ Portal API,https://kys.udiseplus.gov.in/web-app/api/school/track?schoolId=3007335,N/A,2026-09-10
2196574,09620905509,SHIVAM PUBLIC SCHOOL SODSAR,UTTAR PRADESH,MAU,KOPAGANG,,EXACT,KYS_API_track_schoolId,KYS UDISE+ Portal API,https://kys.udiseplus.gov.in/web-app/api/school/track?schoolId=2196574,HIGH,2026-09-10
8181565,,,,,,,UNMATCHED,KYS_API_track_schoolId,KYS UDISE+ Portal API,https://kys.udiseplus.gov.in/web-app/api/school/track?schoolId=8181565,N/A,2026-09-10
3437018,19130906702,KOTULPUR INTERNATIONAL SCHOOL,WEST BENGAL,BANKURA,KOTULPUR ,,EXACT,KYS_API_track_schoolId,KYS UDISE+ Portal API,https://kys.udiseplus.gov.in/web-app/api/school/track?schoolId=3437018,HIGH,2026-09-10
4977954,,,,,,,UNMATCHED,KYS_API_track_schoolId,KYS UDISE+ Portal API,https://kys.udiseplus.gov.in/web-app/api/school/track?schoolId=4977954,N/A,2026-09-10
3391958,,,,,,,UNMATCHED,KYS_API_track_schoolId,KYS UDISE+ Portal API,https://kys.udiseplus.gov.in/web-app/api/school/track?schoolId=3391958,N/A,2026-09-10
6668599,,,,,,,UNMATCHED,KYS_API_track_schoolId,KYS UDISE+ Portal API,https://kys.udiseplus.gov.in/web-app/api/school/track?schoolId=6668599,N/A,2026-09-10
2157102,09631802104,SAINT GEORGE SCHOOL,UTTAR PRADESH,BALLIA,BALLIA N.P.,,EXACT,KYS_API_track_schoolId,KYS UDISE+ Portal API,https://kys.udiseplus.gov.in/web-app/api/school/track?schoolId=2157102,HIGH,2026-09-10
3547293,,,,,,,UNMATCHED,KYS_API_track_schoolId,KYS UDISE+ Portal API,https://kys.udiseplus.gov.in/web-app/api/school/track?schoolId=3547293,N/A,2026-09-10
5006255,32051300703,GLPS PUKAYOOR,KERALA,MALAPPURAM,VENGARA,,EXACT,KYS_API_track_schoolId,KYS UDISE+ Portal API,https://kys.udiseplus.gov.in/web-app/api/school/track?schoolId=5006255,HIGH,2026-09-10
8859317,,,,,,,UNMATCHED,KYS_API_track_schoolId,KYS UDISE+ Portal API,https://kys.udiseplus.gov.in/web-app/api/school/track?schoolId=8859317,N/A,2026-09-10
4517827,27240906902,SHARADA VIDYAMANDIR KASU,MAHARASHTRA,RAIGARH (MAHARASHTRA),PEN,,EXACT,KYS_API_track_schoolId,KYS UDISE+ Portal API,https://kys.udiseplus.gov.in/web-app/api/school/track?schoolId=4517827,HIGH,2026-09-10
3368887,18060501706,SUALKUCHI K.R.K. HS,ASSAM,KAMRUP-RURAL,HAJO,,EXACT,KYS_API_track_schoolId,KYS UDISE+ Portal API,https://kys.udiseplus.gov.in/web-app/api/school/track?schoolId=3368887,HIGH,2026-09-10
2274549,,,,,,,UNMATCHED,KYS_API_track_schoolId,KYS UDISE+ Portal API,https://kys.udiseplus.gov.in/web-app/api/school/track?schoolId=2274549,N/A,2026-09-10
5047294,,,,,,,UNMATCHED,KYS_API_track_schoolId,KYS UDISE+ Portal API,https://kys.udiseplus.gov.in/web-app/api/school/track?schoolId=5047294,N/A,2026-09-10
3266078,,,,,,,UNMATCHED,KYS_API_track_schoolId,KYS UDISE+ Portal API,https://kys.udiseplus.gov.in/web-app/api/school/track?schoolId=3266078,N/A,2026-09-10
8175764,,,,,,,UNMATCHED,KYS_API_track_schoolId,KYS UDISE+ Portal API,https://kys.udiseplus.gov.in/web-app/api/school/track?schoolId=8175764,N/A,2026-09-10
7480245,,,,,,,UNMATCHED,KYS_API_track_schoolId,KYS UDISE+ Portal API,https://kys.udiseplus.gov.in/web-app/api/school/track?schoolId=7480245,N/A,2026-09-10
3211600,17010701106,DON BOSCO (D) SEC. SCHOOL,MEGHALAYA,WEST GARO HILLS,TURA URBAN AREA,,EXACT,KYS_API_track_schoolId,KYS UDISE+ Portal API,https://kys.udiseplus.gov.in/web-app/api/school/track?schoolId=3211600,HIGH,2026-09-10
6649591,,,,,,,UNMATCHED,KYS_API_track_schoolId,KYS UDISE+ Portal API,https://kys.udiseplus.gov.in/web-app/api/school/track?schoolId=6649591,N/A,2026-09-10
5868777,,,,,,,UNMATCHED,KYS_API_track_schoolId,KYS UDISE+ Portal API,https://kys.udiseplus.gov.in/web-app/api/school/track?schoolId=5868777,N/A,2026-09-10
2292962,,,,,,,UNMATCHED,KYS_API_track_schoolId,KYS UDISE+ Portal API,https://kys.udiseplus.gov.in/web-app/api/school/track?schoolId=2292962,N/A,2026-09-10
5328307,,,,,,,UNMATCHED,KYS_API_track_schoolId,KYS UDISE+ Portal API,https://kys.udiseplus.gov.in/web-app/api/school/track?schoolId=5328307,N/A,2026-09-10
7452416,,,,,,,UNMATCHED,KYS_API_track_schoolId,KYS UDISE+ Portal API,https://kys.udiseplus.gov.in/web-app/api/school/track?schoolId=7452416,N/A,2026-09-10
1129737,,,,,,,UNMATCHED,KYS_API_track_schoolId,KYS UDISE+ Portal API,https://kys.udiseplus.gov.in/web-app/api/school/track?schoolId=1129737,N/A,2026-09-10
8788481,,,,,,,UNMATCHED,KYS_API_track_schoolId,KYS UDISE+ Portal API,https://kys.udiseplus.gov.in/web-app/api/school/track?schoolId=8788481,N/A,2026-09-10
9378742,,,,,,,UNMATCHED,KYS_API_track_schoolId,KYS UDISE+ Portal API,https://kys.udiseplus.gov.in/web-app/api/school/track?schoolId=9378742,N/A,2026-09-10
6030971,,,,,,,UNMATCHED,KYS_API_track_schoolId,KYS UDISE+ Portal API,https://kys.udiseplus.gov.in/web-app/api/school/track?schoolId=6030971,N/A,2026-09-10
4832870,,,,,,,UNMATCHED,KYS_API_track_schoolId,KYS UDISE+ Portal API,https://kys.udiseplus.gov.in/web-app/api/school/track?schoolId=4832870,N/A,2026-09-10
1425923,05130209102,DREAM PUBLIC JHS,UTTARAKHAND,HARIDWAR,BHAGWANPUR,,EXACT,KYS_API_track_schoolId,KYS UDISE+ Portal API,https://kys.udiseplus.gov.in/web-app/api/school/track?schoolId=1425923,HIGH,2026-09-10
9484439,,,,,,,UNMATCHED,KYS_API_track_schoolId,KYS UDISE+ Portal API,https://kys.udiseplus.gov.in/web-app/api/school/track?schoolId=9484439,N/A,2026-09-10
7694582,,,,,,,UNMATCHED,KYS_API_track_schoolId,KYS UDISE+ Portal API,https://kys.udiseplus.gov.in/web-app/api/school/track?schoolId=7694582,N/A,2026-09-10
5806990,,,,,,,UNMATCHED,KYS_API_track_schoolId,KYS UDISE+ Portal API,https://kys.udiseplus.gov.in/web-app/api/school/track?schoolId=5806990,N/A,2026-09-10
8607108,,,,,,,UNMATCHED,KYS_API_track_schoolId,KYS UDISE+ Portal API,https://kys.udiseplus.gov.in/web-app/api/school/track?schoolId=8607108,N/A,2026-09-10
8936341,,,,,,,UNMATCHED,KYS_API_track_schoolId,KYS UDISE+ Portal API,https://kys.udiseplus.gov.in/web-app/api/school/track?schoolId=8936341,N/A,2026-09-10
4281773,,,,,,,UNMATCHED,KYS_API_track_schoolId,KYS UDISE+ Portal API,https://kys.udiseplus.gov.in/web-app/api/school/track?schoolId=4281773,N/A,2026-09-10
8602860,,,,,,,UNMATCHED,KYS_API_track_schoolId,KYS UDISE+ Portal API,https://kys.udiseplus.gov.in/web-app/api/school/track?schoolId=8602860,N/A,2026-09-10
5271171,,,,,,,UNMATCHED,KYS_API_track_schoolId,KYS UDISE+ Portal API,https://kys.udiseplus.gov.in/web-app/api/school/track?schoolId=5271171,N/A,2026-09-10
1549398,,,,,,,UNMATCHED,KYS_API_track_schoolId,KYS UDISE+ Portal API,https://kys.udiseplus.gov.in/web-app/api/school/track?schoolId=1549398,N/A,2026-09-10
1071441,,,,,,,UNMATCHED,KYS_API_track_schoolId,KYS UDISE+ Portal API,https://kys.udiseplus.gov.in/web-app/api/school/track?schoolId=1071441,N/A,2026-09-10
9141620,,,,,,,UNMATCHED,KYS_API_track_schoolId,KYS UDISE+ Portal API,https://kys.udiseplus.gov.in/web-app/api/school/track?schoolId=9141620,N/A,2026-09-10
7705923,,,,,,,UNMATCHED,KYS_API_track_schoolId,KYS UDISE+ Portal API,https://kys.udiseplus.gov.in/web-app/api/school/track?schoolId=7705923,N/A,2026-09-10
1265411,,,,,,,UNMATCHED,KYS_API_track_schoolId,KYS UDISE+ Portal API,https://kys.udiseplus.gov.in/web-app/api/school/track?schoolId=1265411,N/A,2026-09-10
1053513,,,,,,,UNMATCHED,KYS_API_track_schoolId,KYS UDISE+ Portal API,https://kys.udiseplus.gov.in/web-app/api/school/track?schoolId=1053513,N/A,2026-09-10
6744172,,,,,,,UNMATCHED,KYS_API_track_schoolId,KYS UDISE+ Portal API,https://kys.udiseplus.gov.in/web-app/api/school/track?schoolId=6744172,N/A,2026-09-10
4313408,,,,,,,UNMATCHED,KYS_API_track_schoolId,KYS UDISE+ Portal API,https://kys.udiseplus.gov.in/web-app/api/school/track?schoolId=4313408,N/A,2026-09-10
6287684,,,,,,,UNMATCHED,KYS_API_track_schoolId,KYS UDISE+ Portal API,https://kys.udiseplus.gov.in/web-app/api/school/track?schoolId=6287684,N/A,2026-09-10
2863874,,,,,,,UNMATCHED,KYS_API_track_schoolId,KYS UDISE+ Portal API,https://kys.udiseplus.gov.in/web-app/api/school/track?schoolId=2863874,N/A,2026-09-10
3130801,,,,,,,UNMATCHED,KYS_API_track_schoolId,KYS UDISE+ Portal API,https://kys.udiseplus.gov.in/web-app/api/school/track?schoolId=3130801,N/A,2026-09-10
6184901,,,,,,,UNMATCHED,KYS_API_track_schoolId,KYS UDISE+ Portal API,https://kys.udiseplus.gov.in/web-app/api/school/track?schoolId=6184901,N/A,2026-09-10
4516188,27100407901,Z. P. PRIMARY SCHOOL ZADGAON,MAHARASHTRA,BHANDARA,SAKOLI,,EXACT,KYS_API_track_schoolId,KYS UDISE+ Portal API,https://kys.udiseplus.gov.in/web-app/api/school/track?schoolId=4516188,HIGH,2026-09-10
9802839,,,,,,,UNMATCHED,KYS_API_track_schoolId,KYS UDISE+ Portal API,https://kys.udiseplus.gov.in/web-app/api/school/track?schoolId=9802839,N/A,2026-09-10
6588673,,,,,,,UNMATCHED,KYS_API_track_schoolId,KYS UDISE+ Portal API,https://kys.udiseplus.gov.in/web-app/api/school/track?schoolId=6588673,N/A,2026-09-10
4990152,,,,,,,UNMATCHED,KYS_API_track_schoolId,KYS UDISE+ Portal API,https://kys.udiseplus.gov.in/web-app/api/school/track?schoolId=4990152,N/A,2026-09-10
6828495,,,,,,,UNMATCHED,KYS_API_track_schoolId,KYS UDISE+ Portal API,https://kys.udiseplus.gov.in/web-app/api/school/track?schoolId=6828495,N/A,2026-09-10
8004987,,,,,,,UNMATCHED,KYS_API_track_schoolId,KYS UDISE+ Portal API,https://kys.udiseplus.gov.in/web-app/api/school/track?schoolId=8004987,N/A,2026-09-10
4285806,,,,,,,UNMATCHED,KYS_API_track_schoolId,KYS UDISE+ Portal API,https://kys.udiseplus.gov.in/web-app/api/school/track?schoolId=4285806,N/A,2026-09-10
6257344,,,,,,,UNMATCHED,KYS_API_track_schoolId,KYS UDISE+ Portal API,https://kys.udiseplus.gov.in/web-app/api/school/track?schoolId=6257344,N/A,2026-09-10
6133461,,,,,,,UNMATCHED,KYS_API_track_schoolId,KYS UDISE+ Portal API,https://kys.udiseplus.gov.in/web-app/api/school/track?schoolId=6133461,N/A,2026-09-10
8638121,,,,,,,UNMATCHED,KYS_API_track_schoolId,KYS UDISE+ Portal API,https://kys.udiseplus.gov.in/web-app/api/school/track?schoolId=8638121,N/A,2026-09-10
6798869,,,,,,,UNMATCHED,KYS_API_track_schoolId,KYS UDISE+ Portal API,https://kys.udiseplus.gov.in/web-app/api/school/track?schoolId=6798869,N/A,2026-09-10
4696085,28203700305,ZPHS URDU NEELAKANTARAO PETA,ANDHRA PRADESH,ANNAMAYYA,RAMAPURAM,,EXACT,KYS_API_track_schoolId,KYS UDISE+ Portal API,https://kys.udiseplus.gov.in/web-app/api/school/track?schoolId=4696085,HIGH,2026-09-10
9313464,,,,,,,UNMATCHED,KYS_API_track_schoolId,KYS UDISE+ Portal API,https://kys.udiseplus.gov.in/web-app/api/school/track?schoolId=9313464,N/A,2026-09-10
8504511,,,,,,,UNMATCHED,KYS_API_track_schoolId,KYS UDISE+ Portal API,https://kys.udiseplus.gov.in/web-app/api/school/track?schoolId=8504511,N/A,2026-09-10
3592278,,,,,,,UNMATCHED,KYS_API_track_schoolId,KYS UDISE+ Portal API,https://kys.udiseplus.gov.in/web-app/api/school/track?schoolId=3592278,N/A,2026-09-10
4369819,,,,,,,UNMATCHED,KYS_API_track_schoolId,KYS UDISE+ Portal API,https://kys.udiseplus.gov.in/web-app/api/school/track?schoolId=4369819,N/A,2026-09-10
5861127,,,,,,,UNMATCHED,KYS_API_track_schoolId,KYS UDISE+ Portal API,https://kys.udiseplus.gov.in/web-app/api/school/track?schoolId=5861127,N/A,2026-09-10
1324641,,,,,,,UNMATCHED,KYS_API_track_schoolId,KYS UDISE+ Portal API,https://kys.udiseplus.gov.in/web-app/api/school/track?schoolId=1324641,N/A,2026-09-10
1468793,,,,,,,UNMATCHED,KYS_API_track_schoolId,KYS UDISE+ Portal API,https://kys.udiseplus.gov.in/web-app/api/school/track?schoolId=1468793,N/A,2026-09-10
4355913,,,,,,,UNMATCHED,KYS_API_track_schoolId,KYS UDISE+ Portal API,https://kys.udiseplus.gov.in/web-app/api/school/track?schoolId=4355913,N/A,2026-09-10
5218711,,,,,,,UNMATCHED,KYS_API_track_schoolId,KYS UDISE+ Portal API,https://kys.udiseplus.gov.in/web-app/api/school/track?schoolId=5218711,N/A,2026-09-10
1046817,,,,,,,UNMATCHED,KYS_API_track_schoolId,KYS UDISE+ Portal API,https://kys.udiseplus.gov.in/web-app/api/school/track?schoolId=1046817,N/A,2026-09-10
2220998,09184108860,SHRI HETRAM SINGH MEMORIAL PUBLIC SCHOOL ,UTTAR PRADESH,MAINPURI,MAINPURI-CITY,,EXACT,KYS_API_track_schoolId,KYS UDISE+ Portal API,https://kys.udiseplus.gov.in/web-app/api/school/track?schoolId=2220998,HIGH,2026-09-10
5731311,,,,,,,UNMATCHED,KYS_API_track_schoolId,KYS UDISE+ Portal API,https://kys.udiseplus.gov.in/web-app/api/school/track?schoolId=5731311,N/A,2026-09-10
5517070,29030509809,UNAIDED BASAVESHWAR LPS TAKKALAKI,KARNATAKA,VIJAYAPURA,BIJAPUR  RURAL,,EXACT,KYS_API_track_schoolId,KYS UDISE+ Portal API,https://kys.udiseplus.gov.in/web-app/api/school/track?schoolId=5517070,HIGH,2026-09-10
6572720,,,,,,,UNMATCHED,KYS_API_track_schoolId,KYS UDISE+ Portal API,https://kys.udiseplus.gov.in/web-app/api/school/track?schoolId=6572720,N/A,2026-09-10
2784900,,,,,,,UNMATCHED,KYS_API_track_schoolId,KYS UDISE+ Portal API,https://kys.udiseplus.gov.in/web-app/api/school/track?schoolId=2784900,N/A,2026-09-10
5290431,,,,,,,UNMATCHED,KYS_API_track_schoolId,KYS UDISE+ Portal API,https://kys.udiseplus.gov.in/web-app/api/school/track?schoolId=5290431,N/A,2026-09-10
5729505,,,,,,,UNMATCHED,KYS_API_track_schoolId,KYS UDISE+ Portal API,https://kys.udiseplus.gov.in/web-app/api/school/track?schoolId=5729505,N/A,2026-09-10
6839932,,,,,,,UNMATCHED,KYS_API_track_schoolId,KYS UDISE+ Portal API,https://kys.udiseplus.gov.in/web-app/api/school/track?schoolId=6839932,N/A,2026-09-10
4464011,,,,,,,UNMATCHED,KYS_API_track_schoolId,KYS UDISE+ Portal API,https://kys.udiseplus.gov.in/web-app/api/school/track?schoolId=4464011,N/A,2026-09-10
7984878,,,,,,,UNMATCHED,KYS_API_track_schoolId,KYS UDISE+ Portal API,https://kys.udiseplus.gov.in/web-app/api/school/track?schoolId=7984878,N/A,2026-09-10
5313608,,,,,,,UNMATCHED,KYS_API_track_schoolId,KYS UDISE+ Portal API,https://kys.udiseplus.gov.in/web-app/api/school/track?schoolId=5313608,N/A,2026-09-10
7612358,,,,,,,UNMATCHED,KYS_API_track_schoolId,KYS UDISE+ Portal API,https://kys.udiseplus.gov.in/web-app/api/school/track?schoolId=7612358,N/A,2026-09-10
4757997,,,,,,,UNMATCHED,KYS_API_track_schoolId,KYS UDISE+ Portal API,https://kys.udiseplus.gov.in/web-app/api/school/track?schoolId=4757997,N/A,2026-09-10
1205863,03050118701,GPS NANGAL THATHAL,PUNJAB,HOSHIARPUR,BHUNGA 2,,EXACT,KYS_API_track_schoolId,KYS UDISE+ Portal API,https://kys.udiseplus.gov.in/web-app/api/school/track?schoolId=1205863,HIGH,2026-09-10
5469737,,,,,,,UNMATCHED,KYS_API_track_schoolId,KYS UDISE+ Portal API,https://kys.udiseplus.gov.in/web-app/api/school/track?schoolId=5469737,N/A,2026-09-10
3477661,19050408301,UTHRAIL F.P. SCHOOL,WEST BENGAL,DAKSHIN DINAJPUR,KUMARGANJ,,EXACT,KYS_API_track_schoolId,KYS UDISE+ Portal API,https://kys.udiseplus.gov.in/web-app/api/school/track?schoolId=3477661,HIGH,2026-09-10
6299939,,,,,,,UNMATCHED,KYS_API_track_schoolId,KYS UDISE+ Portal API,https://kys.udiseplus.gov.in/web-app/api/school/track?schoolId=6299939,N/A,2026-09-10
2172012,09670905501,PS SHIVPUR NO.2,UTTAR PRADESH,VARANASI,NAGAR NIGAM,,EXACT,KYS_API_track_schoolId,KYS UDISE+ Portal API,https://kys.udiseplus.gov.in/web-app/api/school/track?schoolId=2172012,HIGH,2026-09-10
7269688,,,,,,,UNMATCHED,KYS_API_track_schoolId,KYS UDISE+ Portal API,https://kys.udiseplus.gov.in/web-app/api/school/track?schoolId=7269688,N/A,2026-09-10
7211425,,,,,,,UNMATCHED,KYS_API_track_schoolId,KYS UDISE+ Portal API,https://kys.udiseplus.gov.in/web-app/api/school/track?schoolId=7211425,N/A,2026-09-10
4693118,28200500205,AIDED U P SCHOOL KRISHNA,ANDHRA PRADESH,KADAPA,DUVVUR,,EXACT,KYS_API_track_schoolId,KYS UDISE+ Portal API,https://kys.udiseplus.gov.in/web-app/api/school/track?schoolId=4693118,HIGH,2026-09-10
1507929,06110200107,"BALWANT SINGH  ADARSH SR. SEC. SCHOOL, ABUBSHAHAR",HARYANA,SIRSA,DABWALI,,EXACT,KYS_API_track_schoolId,KYS UDISE+ Portal API,https://kys.udiseplus.gov.in/web-app/api/school/track?schoolId=1507929,HIGH,2026-09-10
3707199,21260115252,Panchayat Samiti Higher Secondary School  Karlapada,ODISHA,KALAHANDI,BHAWANIPATNA,,EXACT,KYS_API_track_schoolId,KYS UDISE+ Portal API,https://kys.udiseplus.gov.in/web-app/api/school/track?schoolId=3707199,HIGH,2026-09-10
9764868,,,,,,,UNMATCHED,KYS_API_track_schoolId,KYS UDISE+ Portal API,https://kys.udiseplus.gov.in/web-app/api/school/track?schoolId=9764868,N/A,2026-09-10
8901250,,,,,,,UNMATCHED,KYS_API_track_schoolId,KYS UDISE+ Portal API,https://kys.udiseplus.gov.in/web-app/api/school/track?schoolId=8901250,N/A,2026-09-10
4530584,27080310710,BHA. RAJIV GANDHI U.SCH.DEOLI,MAHARASHTRA,WARDHA,DEOLI,,EXACT,KYS_API_track_schoolId,KYS UDISE+ Portal API,https://kys.udiseplus.gov.in/web-app/api/school/track?schoolId=4530584,HIGH,2026-09-10
3389749,,,,,,,UNMATCHED,KYS_API_track_schoolId,KYS UDISE+ Portal API,https://kys.udiseplus.gov.in/web-app/api/school/track?schoolId=3389749,N/A,2026-09-10
8394883,,,,,,,UNMATCHED,KYS_API_track_schoolId,KYS UDISE+ Portal API,https://kys.udiseplus.gov.in/web-app/api/school/track?schoolId=8394883,N/A,2026-09-10
7101574,,,,,,,UNMATCHED,KYS_API_track_schoolId,KYS UDISE+ Portal API,https://kys.udiseplus.gov.in/web-app/api/school/track?schoolId=7101574,N/A,2026-09-10
8526379,,,,,,,UNMATCHED,KYS_API_track_schoolId,KYS UDISE+ Portal API,https://kys.udiseplus.gov.in/web-app/api/school/track?schoolId=8526379,N/A,2026-09-10
8628293,,,,,,,UNMATCHED,KYS_API_track_schoolId,KYS UDISE+ Portal API,https://kys.udiseplus.gov.in/web-app/api/school/track?schoolId=8628293,N/A,2026-09-10
3826888,22031302803,GOVT. PS. DONGIDARHA(SSA) (SSA),CHHATTISGARH,JASHPUR,PATHALGAON,,EXACT,KYS_API_track_schoolId,KYS UDISE+ Portal API,https://kys.udiseplus.gov.in/web-app/api/school/track?schoolId=3826888,HIGH,2026-09-10
4040826,23090822601,PS JHINNAPURA,MADHYA PRADESH,CHHATARPUR,RAJNAGAR,,EXACT,KYS_API_track_schoolId,KYS UDISE+ Portal API,https://kys.udiseplus.gov.in/web-app/api/school/track?schoolId=4040826,HIGH,2026-09-10
5873425,,,,,,,UNMATCHED,KYS_API_track_schoolId,KYS UDISE+ Portal API,https://kys.udiseplus.gov.in/web-app/api/school/track?schoolId=5873425,N/A,2026-09-10
4974162,,,,,,,UNMATCHED,KYS_API_track_schoolId,KYS UDISE+ Portal API,https://kys.udiseplus.gov.in/web-app/api/school/track?schoolId=4974162,N/A,2026-09-10
2347025,,,,,,,UNMATCHED,KYS_API_track_schoolId,KYS UDISE+ Portal API,https://kys.udiseplus.gov.in/web-app/api/school/track?schoolId=2347025,N/A,2026-09-10
9071398,,,,,,,UNMATCHED,KYS_API_track_schoolId,KYS UDISE+ Portal API,https://kys.udiseplus.gov.in/web-app/api/school/track?schoolId=9071398,N/A,2026-09-10
7511816,,,,,,,UNMATCHED,KYS_API_track_schoolId,KYS UDISE+ Portal API,https://kys.udiseplus.gov.in/web-app/api/school/track?schoolId=7511816,N/A,2026-09-10
3567669,,,,,,,UNMATCHED,KYS_API_track_schoolId,KYS UDISE+ Portal API,https://kys.udiseplus.gov.in/web-app/api/school/track?schoolId=3567669,N/A,2026-09-10
2091367,09480100805,S P L P GS S HASIMPUR BARSAWAN,UTTAR PRADESH,AMBEDKAR NAGAR,AKBARPUR,,EXACT,KYS_API_track_schoolId,KYS UDISE+ Portal API,https://kys.udiseplus.gov.in/web-app/api/school/track?schoolId=2091367,HIGH,2026-09-10
3392338,,,,,,,UNMATCHED,KYS_API_track_schoolId,KYS UDISE+ Portal API,https://kys.udiseplus.gov.in/web-app/api/school/track?schoolId=3392338,N/A,2026-09-10
7328803,,,,,,,UNMATCHED,KYS_API_track_schoolId,KYS UDISE+ Portal API,https://kys.udiseplus.gov.in/web-app/api/school/track?schoolId=7328803,N/A,2026-09-10
7451125,,,,,,,UNMATCHED,KYS_API_track_schoolId,KYS UDISE+ Portal API,https://kys.udiseplus.gov.in/web-app/api/school/track?schoolId=7451125,N/A,2026-09-10
1393471,,,,,,,UNMATCHED,KYS_API_track_schoolId,KYS UDISE+ Portal API,https://kys.udiseplus.gov.in/web-app/api/school/track?schoolId=1393471,N/A,2026-09-10
2501951,10160707304,UTKRAMIT MADHYAMIK SCHOOL KARNPURA,BIHAR,SIWAN,GOREA KOTHI,,EXACT,KYS_API_track_schoolId,KYS UDISE+ Portal API,https://kys.udiseplus.gov.in/web-app/api/school/track?schoolId=2501951,HIGH,2026-09-10
7696349,,,,,,,UNMATCHED,KYS_API_track_schoolId,KYS UDISE+ Portal API,https://kys.udiseplus.gov.in/web-app/api/school/track?schoolId=7696349,N/A,2026-09-10
9733376,,,,,,,UNMATCHED,KYS_API_track_schoolId,KYS UDISE+ Portal API,https://kys.udiseplus.gov.in/web-app/api/school/track?schoolId=9733376,N/A,2026-09-10
6744341,,,,,,,UNMATCHED,KYS_API_track_schoolId,KYS UDISE+ Portal API,https://kys.udiseplus.gov.in/web-app/api/school/track?schoolId=6744341,N/A,2026-09-10
3286797,,,,,,,UNMATCHED,KYS_API_track_schoolId,KYS UDISE+ Portal API,https://kys.udiseplus.gov.in/web-app/api/school/track?schoolId=3286797,N/A,2026-09-10
4061274,23030312473,BAL BHAVAN SCHOOL (PS-117486),MADHYA PRADESH,BHIND,MEHGAON,,EXACT,KYS_API_track_schoolId,KYS UDISE+ Portal API,https://kys.udiseplus.gov.in/web-app/api/school/track?schoolId=4061274,HIGH,2026-09-10
2109735,09330908404,MADRASA GULSHANE AAFAQ NISHVA SUJANPUR RASULABAD,UTTAR PRADESH,KANPUR DEHAT,RASULABAD,,EXACT,KYS_API_track_schoolId,KYS UDISE+ Portal API,https://kys.udiseplus.gov.in/web-app/api/school/track?schoolId=2109735,HIGH,2026-09-10
4665721,28142495535,PRAGATHI LITTLE HS (EM) GANDHINAGAR,ANDHRA PRADESH,KAKINADA,KAKINDA(URBAN),,EXACT,KYS_API_track_schoolId,KYS UDISE+ Portal API,https://kys.udiseplus.gov.in/web-app/api/school/track?schoolId=4665721,HIGH,2026-09-10
6212459,,,,,,,UNMATCHED,KYS_API_track_schoolId,KYS UDISE+ Portal API,https://kys.udiseplus.gov.in/web-app/api/school/track?schoolId=6212459,N/A,2026-09-10
3270448,,,,,,,UNMATCHED,KYS_API_track_schoolId,KYS UDISE+ Portal API,https://kys.udiseplus.gov.in/web-app/api/school/track?schoolId=3270448,N/A,2026-09-10
5647320,,,,,,,UNMATCHED,KYS_API_track_schoolId,KYS UDISE+ Portal API,https://kys.udiseplus.gov.in/web-app/api/school/track?schoolId=5647320,N/A,2026-09-10
8281012,,,,,,,UNMATCHED,KYS_API_track_schoolId,KYS UDISE+ Portal API,https://kys.udiseplus.gov.in/web-app/api/school/track?schoolId=8281012,N/A,2026-09-10
1066582,,,,,,,UNMATCHED,KYS_API_track_schoolId,KYS UDISE+ Portal API,https://kys.udiseplus.gov.in/web-app/api/school/track?schoolId=1066582,N/A,2026-09-10
2631937,,,,,,,UNMATCHED,KYS_API_track_schoolId,KYS UDISE+ Portal API,https://kys.udiseplus.gov.in/web-app/api/school/track?schoolId=2631937,N/A,2026-09-10
1891406,,,,,,,UNMATCHED,KYS_API_track_schoolId,KYS UDISE+ Portal API,https://kys.udiseplus.gov.in/web-app/api/school/track?schoolId=1891406,N/A,2026-09-10
8218933,,,,,,,UNMATCHED,KYS_API_track_schoolId,KYS UDISE+ Portal API,https://kys.udiseplus.gov.in/web-app/api/school/track?schoolId=8218933,N/A,2026-09-10
6101675,,,,,,,UNMATCHED,KYS_API_track_schoolId,KYS UDISE+ Portal API,https://kys.udiseplus.gov.in/web-app/api/school/track?schoolId=6101675,N/A,2026-09-10
5060810,,,,,,,UNMATCHED,KYS_API_track_schoolId,KYS UDISE+ Portal API,https://kys.udiseplus.gov.in/web-app/api/school/track?schoolId=5060810,N/A,2026-09-10
9120372,,,,,,,UNMATCHED,KYS_API_track_schoolId,KYS UDISE+ Portal API,https://kys.udiseplus.gov.in/web-app/api/school/track?schoolId=9120372,N/A,2026-09-10
7499232,,,,,,,UNMATCHED,KYS_API_track_schoolId,KYS UDISE+ Portal API,https://kys.udiseplus.gov.in/web-app/api/school/track?schoolId=7499232,N/A,2026-09-10
9269603,,,,,,,UNMATCHED,KYS_API_track_schoolId,KYS UDISE+ Portal API,https://kys.udiseplus.gov.in/web-app/api/school/track?schoolId=9269603,N/A,2026-09-10
2786289,,,,,,,UNMATCHED,KYS_API_track_schoolId,KYS UDISE+ Portal API,https://kys.udiseplus.gov.in/web-app/api/school/track?schoolId=2786289,N/A,2026-09-10
4604757,27320913701,ZILLA PARISHAD SCHOOL  DEVADE NO. 1,MAHARASHTRA,RATNAGIRI,SANGMESHWAR,,EXACT,KYS_API_track_schoolId,KYS UDISE+ Portal API,https://kys.udiseplus.gov.in/web-app/api/school/track?schoolId=4604757,HIGH,2026-09-10
6805039,,,,,,,UNMATCHED,KYS_API_track_schoolId,KYS UDISE+ Portal API,https://kys.udiseplus.gov.in/web-app/api/school/track?schoolId=6805039,N/A,2026-09-10
8905485,,,,,,,UNMATCHED,KYS_API_track_schoolId,KYS UDISE+ Portal API,https://kys.udiseplus.gov.in/web-app/api/school/track?schoolId=8905485,N/A,2026-09-10
7822488,,,,,,,UNMATCHED,KYS_API_track_schoolId,KYS UDISE+ Portal API,https://kys.udiseplus.gov.in/web-app/api/school/track?schoolId=7822488,N/A,2026-09-10
5408786,36180101501,MPUPS BOPPAPUR,TELANGANA,SIDDIPET,AKBARPET-BHOOMPALLY,,EXACT,KYS_API_track_schoolId,KYS UDISE+ Portal API,https://kys.udiseplus.gov.in/web-app/api/school/track?schoolId=5408786,HIGH,2026-09-10
4194537,,,,,,,UNMATCHED,KYS_API_track_schoolId,KYS UDISE+ Portal API,https://kys.udiseplus.gov.in/web-app/api/school/track?schoolId=4194537,N/A,2026-09-10
8964684,,,,,,,UNMATCHED,KYS_API_track_schoolId,KYS UDISE+ Portal API,https://kys.udiseplus.gov.in/web-app/api/school/track?schoolId=8964684,N/A,2026-09-10
1703263,08291004811,RONAK INTERNATIONAL SCHOOL SATKHANDA,RAJASTHAN,CHITTORGARH,NIMBAHERA,,EXACT,KYS_API_track_schoolId,KYS UDISE+ Portal API,https://kys.udiseplus.gov.in/web-app/api/school/track?schoolId=1703263,HIGH,2026-09-10
5254640,,,,,,,UNMATCHED,KYS_API_track_schoolId,KYS UDISE+ Portal API,https://kys.udiseplus.gov.in/web-app/api/school/track?schoolId=5254640,N/A,2026-09-10
7899294,,,,,,,UNMATCHED,KYS_API_track_schoolId,KYS UDISE+ Portal API,https://kys.udiseplus.gov.in/web-app/api/school/track?schoolId=7899294,N/A,2026-09-10
4684992,28182490813,MPPS NAYENIPALLI (WEST),ANDHRA PRADESH,BAPATLA,VETAPALEM,,EXACT,KYS_API_track_schoolId,KYS UDISE+ Portal API,https://kys.udiseplus.gov.in/web-app/api/school/track?schoolId=4684992,HIGH,2026-09-10
7829240,,,,,,,UNMATCHED,KYS_API_track_schoolId,KYS UDISE+ Portal API,https://kys.udiseplus.gov.in/web-app/api/school/track?schoolId=7829240,N/A,2026-09-10
1411041,05120406402,P.S.PATPARA,UTTARAKHAND,UDHAM SINGH NAGAR,KHATIMA,,EXACT,KYS_API_track_schoolId,KYS UDISE+ Portal API,https://kys.udiseplus.gov.in/web-app/api/school/track?schoolId=1411041,HIGH,2026-09-10
5025320,,,,,,,UNMATCHED,KYS_API_track_schoolId,KYS UDISE+ Portal API,https://kys.udiseplus.gov.in/web-app/api/school/track?schoolId=5025320,N/A,2026-09-10
1740138,08010115401,MAHATMA GANDHI GOVT.  SCHOOL 2 E CHHOTI,RAJASTHAN,GANGANAGAR,SRI GANGANAGAR,,EXACT,KYS_API_track_schoolId,KYS UDISE+ Portal API,https://kys.udiseplus.gov.in/web-app/api/school/track?schoolId=1740138,HIGH,2026-09-10
1236617,,,,,,,UNMATCHED,KYS_API_track_schoolId,KYS UDISE+ Portal API,https://kys.udiseplus.gov.in/web-app/api/school/track?schoolId=1236617,N/A,2026-09-10
8097792,,,,,,,UNMATCHED,KYS_API_track_schoolId,KYS UDISE+ Portal API,https://kys.udiseplus.gov.in/web-app/api/school/track?schoolId=8097792,N/A,2026-09-10
9954616,,,,,,,UNMATCHED,KYS_API_track_schoolId,KYS UDISE+ Portal API,https://kys.udiseplus.gov.in/web-app/api/school/track?schoolId=9954616,N/A,2026-09-10
5153920,33300600308,ARKA-THE GREEN SCHOOL-ARUVIKARAI,TAMILNADU,KANNIYAKUMARI,THIRUVATTAR,,EXACT,KYS_API_track_schoolId,KYS UDISE+ Portal API,https://kys.udiseplus.gov.in/web-app/api/school/track?schoolId=5153920,HIGH,2026-09-10
2485033,10232820402,M.S. BIJI KHORABA,BIHAR,BANKA,BELHAR,,EXACT,KYS_API_track_schoolId,KYS UDISE+ Portal API,https://kys.udiseplus.gov.in/web-app/api/school/track?schoolId=2485033,HIGH,2026-09-10
1806808,08240120002,G.S.S.S. RAMPURA,RAJASTHAN,BEAWAR,BADNOR (BEAWAR),,EXACT,KYS_API_track_schoolId,KYS UDISE+ Portal API,https://kys.udiseplus.gov.in/web-app/api/school/track?schoolId=1806808,HIGH,2026-09-10
6905968,,,,,,,UNMATCHED,KYS_API_track_schoolId,KYS UDISE+ Portal API,https://kys.udiseplus.gov.in/web-app/api/school/track?schoolId=6905968,N/A,2026-09-10
2398950,,,,,,,UNMATCHED,KYS_API_track_schoolId,KYS UDISE+ Portal API,https://kys.udiseplus.gov.in/web-app/api/school/track?schoolId=2398950,N/A,2026-09-10
2025286,09310112401,ZILA PANCHAYAT UMV SARSAINAWAR ETAWAH,UTTAR PRADESH,ETAWAH,TAKHA,,EXACT,KYS_API_track_schoolId,KYS UDISE+ Portal API,https://kys.udiseplus.gov.in/web-app/api/school/track?schoolId=2025286,HIGH,2026-09-10
5671128,,,,,,,UNMATCHED,KYS_API_track_schoolId,KYS UDISE+ Portal API,https://kys.udiseplus.gov.in/web-app/api/school/track?schoolId=5671128,N/A,2026-09-10
7482447,,,,,,,UNMATCHED,KYS_API_track_schoolId,KYS UDISE+ Portal API,https://kys.udiseplus.gov.in/web-app/api/school/track?schoolId=7482447,N/A,2026-09-10
9039478,,,,,,,UNMATCHED,KYS_API_track_schoolId,KYS UDISE+ Portal API,https://kys.udiseplus.gov.in/web-app/api/school/track?schoolId=9039478,N/A,2026-09-10
6369067,,,,,,,UNMATCHED,KYS_API_track_schoolId,KYS UDISE+ Portal API,https://kys.udiseplus.gov.in/web-app/api/school/track?schoolId=6369067,N/A,2026-09-10
5760956,,,,,,,UNMATCHED,KYS_API_track_schoolId,KYS UDISE+ Portal API,https://kys.udiseplus.gov.in/web-app/api/school/track?schoolId=5760956,N/A,2026-09-10
2102183,09522309505,"MADARSA  RAISUL ULOOM, KATHER, GAINSARI",UTTAR PRADESH,BALRAMPUR,GAINSARI,,EXACT,KYS_API_track_schoolId,KYS UDISE+ Portal API,https://kys.udiseplus.gov.in/web-app/api/school/track?schoolId=2102183,HIGH,2026-09-10
3340228,18190909301,TILAPARA,ASSAM,KARBI ANGLONG,SAMELANGSO,,EXACT,KYS_API_track_schoolId,KYS UDISE+ Portal API,https://kys.udiseplus.gov.in/web-app/api/school/track?schoolId=3340228,HIGH,2026-09-10
3070284,,,,,,,UNMATCHED,KYS_API_track_schoolId,KYS UDISE+ Portal API,https://kys.udiseplus.gov.in/web-app/api/school/track?schoolId=3070284,N/A,2026-09-10
4856883,,,,,,,UNMATCHED,KYS_API_track_schoolId,KYS UDISE+ Portal API,https://kys.udiseplus.gov.in/web-app/api/school/track?schoolId=4856883,N/A,2026-09-10
7378092,,,,,,,UNMATCHED,KYS_API_track_schoolId,KYS UDISE+ Portal API,https://kys.udiseplus.gov.in/web-app/api/school/track?schoolId=7378092,N/A,2026-09-10
7795346,,,,,,,UNMATCHED,KYS_API_track_schoolId,KYS UDISE+ Portal API,https://kys.udiseplus.gov.in/web-app/api/school/track?schoolId=7795346,N/A,2026-09-10
5696271,,,,,,,UNMATCHED,KYS_API_track_schoolId,KYS UDISE+ Portal API,https://kys.udiseplus.gov.in/web-app/api/school/track?schoolId=5696271,N/A,2026-09-10
5157462,33330801305,PUPS VELAYUTHAGOUNDENPUDUR,TAMILNADU,TIRUPPUR,KUDIMANGALAM,,EXACT,KYS_API_track_schoolId,KYS UDISE+ Portal API,https://kys.udiseplus.gov.in/web-app/api/school/track?schoolId=5157462,HIGH,2026-09-10
8388974,,,,,,,UNMATCHED,KYS_API_track_schoolId,KYS UDISE+ Portal API,https://kys.udiseplus.gov.in/web-app/api/school/track?schoolId=8388974,N/A,2026-09-10
6694826,,,,,,,UNMATCHED,KYS_API_track_schoolId,KYS UDISE+ Portal API,https://kys.udiseplus.gov.in/web-app/api/school/track?schoolId=6694826,N/A,2026-09-10
9991673,,,,,,,UNMATCHED,KYS_API_track_schoolId,KYS UDISE+ Portal API,https://kys.udiseplus.gov.in/web-app/api/school/track?schoolId=9991673,N/A,2026-09-10
2303610,,,,,,,UNMATCHED,KYS_API_track_schoolId,KYS UDISE+ Portal API,https://kys.udiseplus.gov.in/web-app/api/school/track?schoolId=2303610,N/A,2026-09-10
6098616,,,,,,,UNMATCHED,KYS_API_track_schoolId,KYS UDISE+ Portal API,https://kys.udiseplus.gov.in/web-app/api/school/track?schoolId=6098616,N/A,2026-09-10
2709013,,,,,,,UNMATCHED,KYS_API_track_schoolId,KYS UDISE+ Portal API,https://kys.udiseplus.gov.in/web-app/api/school/track?schoolId=2709013,N/A,2026-09-10
7412123,,,,,,,UNMATCHED,KYS_API_track_schoolId,KYS UDISE+ Portal API,https://kys.udiseplus.gov.in/web-app/api/school/track?schoolId=7412123,N/A,2026-09-10
2511417,,,,,,,UNMATCHED,KYS_API_track_schoolId,KYS UDISE+ Portal API,https://kys.udiseplus.gov.in/web-app/api/school/track?schoolId=2511417,N/A,2026-09-10
3284804,,,,,,,UNMATCHED,KYS_API_track_schoolId,KYS UDISE+ Portal API,https://kys.udiseplus.gov.in/web-app/api/school/track?schoolId=3284804,N/A,2026-09-10
2305211,,,,,,,UNMATCHED,KYS_API_track_schoolId,KYS UDISE+ Portal API,https://kys.udiseplus.gov.in/web-app/api/school/track?schoolId=2305211,N/A,2026-09-10
3759237,21290228701,MUNDIGUDA PROJ PS,ODISHA,KORAPUT,BOIPARIGUDA,,EXACT,KYS_API_track_schoolId,KYS UDISE+ Portal API,https://kys.udiseplus.gov.in/web-app/api/school/track?schoolId=3759237,HIGH,2026-09-10
8416268,,,,,,,UNMATCHED,KYS_API_track_schoolId,KYS UDISE+ Portal API,https://kys.udiseplus.gov.in/web-app/api/school/track?schoolId=8416268,N/A,2026-09-10
2465715,10140412601,NEW PS PAIGAMBARPUR ALPSHANKHYAK SOUT SIDE,BIHAR,MUZAFFARPUR,SARAIYA,,EXACT,KYS_API_track_schoolId,KYS UDISE+ Portal API,https://kys.udiseplus.gov.in/web-app/api/school/track?schoolId=2465715,HIGH,2026-09-10
5099957,,,,,,,UNMATCHED,KYS_API_track_schoolId,KYS UDISE+ Portal API,https://kys.udiseplus.gov.in/web-app/api/school/track?schoolId=5099957,N/A,2026-09-10
4091986,,,,,,,UNMATCHED,KYS_API_track_schoolId,KYS UDISE+ Portal API,https://kys.udiseplus.gov.in/web-app/api/school/track?schoolId=4091986,N/A,2026-09-10
3994572,23370716102,MS AYYPA,MADHYA PRADESH,HOSHANGABAD,SEONI MALWA,,EXACT,KYS_API_track_schoolId,KYS UDISE+ Portal API,https://kys.udiseplus.gov.in/web-app/api/school/track?schoolId=3994572,HIGH,2026-09-10
5208778,,,,,,,UNMATCHED,KYS_API_track_schoolId,KYS UDISE+ Portal API,https://kys.udiseplus.gov.in/web-app/api/school/track?schoolId=5208778,N/A,2026-09-10
8656275,,,,,,,UNMATCHED,KYS_API_track_schoolId,KYS UDISE+ Portal API,https://kys.udiseplus.gov.in/web-app/api/school/track?schoolId=8656275,N/A,2026-09-10
6907082,,,,,,,UNMATCHED,KYS_API_track_schoolId,KYS UDISE+ Portal API,https://kys.udiseplus.gov.in/web-app/api/school/track?schoolId=6907082,N/A,2026-09-10
1593691,,,,,,,UNMATCHED,KYS_API_track_schoolId,KYS UDISE+ Portal API,https://kys.udiseplus.gov.in/web-app/api/school/track?schoolId=1593691,N/A,2026-09-10
9231976,,,,,,,UNMATCHED,KYS_API_track_schoolId,KYS UDISE+ Portal API,https://kys.udiseplus.gov.in/web-app/api/school/track?schoolId=9231976,N/A,2026-09-10
3766346,21300700901,MPV 54 PRIMARY SCHOOL,ODISHA,MALKANGIRI,KALIMELA,,EXACT,KYS_API_track_schoolId,KYS UDISE+ Portal API,https://kys.udiseplus.gov.in/web-app/api/school/track?schoolId=3766346,HIGH,2026-09-10
8379375,,,,,,,UNMATCHED,KYS_API_track_schoolId,KYS UDISE+ Portal API,https://kys.udiseplus.gov.in/web-app/api/school/track?schoolId=8379375,N/A,2026-09-10
4121531,,,,,,,UNMATCHED,KYS_API_track_schoolId,KYS UDISE+ Portal API,https://kys.udiseplus.gov.in/web-app/api/school/track?schoolId=4121531,N/A,2026-09-10
4751842,,,,,,,UNMATCHED,KYS_API_track_schoolId,KYS UDISE+ Portal API,https://kys.udiseplus.gov.in/web-app/api/school/track?schoolId=4751842,N/A,2026-09-10
4483291,,,,,,,UNMATCHED,KYS_API_track_schoolId,KYS UDISE+ Portal API,https://kys.udiseplus.gov.in/web-app/api/school/track?schoolId=4483291,N/A,2026-09-10
2219299,09194107289,KM SWATI MEMORIAL PUBLIC J.H. SCHOOL,UTTAR PRADESH,BUDAUN,UJHANI,,EXACT,KYS_API_track_schoolId,KYS UDISE+ Portal API,https://kys.udiseplus.gov.in/web-app/api/school/track?schoolId=2219299,HIGH,2026-09-10
5235963,,,,,,,UNMATCHED,KYS_API_track_schoolId,KYS UDISE+ Portal API,https://kys.udiseplus.gov.in/web-app/api/school/track?schoolId=5235963,N/A,2026-09-10
9900238,,,,,,,UNMATCHED,KYS_API_track_schoolId,KYS UDISE+ Portal API,https://kys.udiseplus.gov.in/web-app/api/school/track?schoolId=9900238,N/A,2026-09-10
7605951,,,,,,,UNMATCHED,KYS_API_track_schoolId,KYS UDISE+ Portal API,https://kys.udiseplus.gov.in/web-app/api/school/track?schoolId=7605951,N/A,2026-09-10
4204625,24040411601,RAMPURA (MULSAN) PRI SCHOOL,GUJARAT,MAHESANA,MEHSANA,,EXACT,KYS_API_track_schoolId,KYS UDISE+ Portal API,https://kys.udiseplus.gov.in/web-app/api/school/track?schoolId=4204625,HIGH,2026-09-10
8467477,,,,,,,UNMATCHED,KYS_API_track_schoolId,KYS UDISE+ Portal API,https://kys.udiseplus.gov.in/web-app/api/school/track?schoolId=8467477,N/A,2026-09-10
1555244,,,,,,,UNMATCHED,KYS_API_track_schoolId,KYS UDISE+ Portal API,https://kys.udiseplus.gov.in/web-app/api/school/track?schoolId=1555244,N/A,2026-09-10
6951265,,,,,,,UNMATCHED,KYS_API_track_schoolId,KYS UDISE+ Portal API,https://kys.udiseplus.gov.in/web-app/api/school/track?schoolId=6951265,N/A,2026-09-10
5826239,,,,,,,UNMATCHED,KYS_API_track_schoolId,KYS UDISE+ Portal API,https://kys.udiseplus.gov.in/web-app/api/school/track?schoolId=5826239,N/A,2026-09-10
3476957,19040401702,UTTAR DINAJ PUR VIVEKANANDA CHILDREN WELFARE ACADEMY,WEST BENGAL,UTTAR DINAJPUR,GOALPOKHER - II,,EXACT,KYS_API_track_schoolId,KYS UDISE+ Portal API,https://kys.udiseplus.gov.in/web-app/api/school/track?schoolId=3476957,HIGH,2026-09-10
7864882,,,,,,,UNMATCHED,KYS_API_track_schoolId,KYS UDISE+ Portal API,https://kys.udiseplus.gov.in/web-app/api/school/track?schoolId=7864882,N/A,2026-09-10
3345902,18060303706,1 NO PUB BARDIA LPS,ASSAM,KAMRUP-RURAL,CHHAYGAON,,EXACT,KYS_API_track_schoolId,KYS UDISE+ Portal API,https://kys.udiseplus.gov.in/web-app/api/school/track?schoolId=3345902,HIGH,2026-09-10
3952314,23180305639,HSS GIRLS JAWAD (CLASS 1 TO 12),MADHYA PRADESH,NEEMUCH,JAWAD,,EXACT,KYS_API_track_schoolId,KYS UDISE+ Portal API,https://kys.udiseplus.gov.in/web-app/api/school/track?schoolId=3952314,HIGH,2026-09-10
5194583,,,,,,,UNMATCHED,KYS_API_track_schoolId,KYS UDISE+ Portal API,https://kys.udiseplus.gov.in/web-app/api/school/track?schoolId=5194583,N/A,2026-09-10
3332627,18120306002,UJANI GHORPARA LPS,ASSAM,LAKHIMPUR,DHAKUAKHANA,,EXACT,KYS_API_track_schoolId,KYS UDISE+ Portal API,https://kys.udiseplus.gov.in/web-app/api/school/track?schoolId=3332627,HIGH,2026-09-10
4828263,,,,,,,UNMATCHED,KYS_API_track_schoolId,KYS UDISE+ Portal API,https://kys.udiseplus.gov.in/web-app/api/school/track?schoolId=4828263,N/A,2026-09-10
1440801,,,,,,,UNMATCHED,KYS_API_track_schoolId,KYS UDISE+ Portal API,https://kys.udiseplus.gov.in/web-app/api/school/track?schoolId=1440801,N/A,2026-09-10
8043655,,,,,,,UNMATCHED,KYS_API_track_schoolId,KYS UDISE+ Portal API,https://kys.udiseplus.gov.in/web-app/api/school/track?schoolId=8043655,N/A,2026-09-10
7889925,,,,,,,UNMATCHED,KYS_API_track_schoolId,KYS UDISE+ Portal API,https://kys.udiseplus.gov.in/web-app/api/school/track?schoolId=7889925,N/A,2026-09-10
2514618,,,,,,,UNMATCHED,KYS_API_track_schoolId,KYS UDISE+ Portal API,https://kys.udiseplus.gov.in/web-app/api/school/track?schoolId=2514618,N/A,2026-09-10
6354454,,,,,,,UNMATCHED,KYS_API_track_schoolId,KYS UDISE+ Portal API,https://kys.udiseplus.gov.in/web-app/api/school/track?schoolId=6354454,N/A,2026-09-10
8139008,,,,,,,UNMATCHED,KYS_API_track_schoolId,KYS UDISE+ Portal API,https://kys.udiseplus.gov.in/web-app/api/school/track?schoolId=8139008,N/A,2026-09-10
6856454,,,,,,,UNMATCHED,KYS_API_track_schoolId,KYS UDISE+ Portal API,https://kys.udiseplus.gov.in/web-app/api/school/track?schoolId=6856454,N/A,2026-09-10
4012326,23370212001,PS JHALSAR GOUND,MADHYA PRADESH,HOSHANGABAD,BABAI,,EXACT,KYS_API_track_schoolId,KYS UDISE+ Portal API,https://kys.udiseplus.gov.in/web-app/api/school/track?schoolId=4012326,HIGH,2026-09-10
7709494,,,,,,,UNMATCHED,KYS_API_track_schoolId,KYS UDISE+ Portal API,https://kys.udiseplus.gov.in/web-app/api/school/track?schoolId=7709494,N/A,2026-09-10
5720855,,,,,,,UNMATCHED,KYS_API_track_schoolId,KYS UDISE+ Portal API,https://kys.udiseplus.gov.in/web-app/api/school/track?schoolId=5720855,N/A,2026-09-10
1231288,03150403004,SHREE GURU NANAK PUB SCH BURJ RATHI,PUNJAB,MANSA,MANSA,,EXACT,KYS_API_track_schoolId,KYS UDISE+ Portal API,https://kys.udiseplus.gov.in/web-app/api/school/track?schoolId=1231288,HIGH,2026-09-10
1937621,09351303114,BCH MISSION JHS ORAI,UTTAR PRADESH,JALAUN,T. A. ORAI,,EXACT,KYS_API_track_schoolId,KYS UDISE+ Portal API,https://kys.udiseplus.gov.in/web-app/api/school/track?schoolId=1937621,HIGH,2026-09-10
8612401,,,,,,,UNMATCHED,KYS_API_track_schoolId,KYS UDISE+ Portal API,https://kys.udiseplus.gov.in/web-app/api/school/track?schoolId=8612401,N/A,2026-09-10
5470354,,,,,,,UNMATCHED,KYS_API_track_schoolId,KYS UDISE+ Portal API,https://kys.udiseplus.gov.in/web-app/api/school/track?schoolId=5470354,N/A,2026-09-10
6218212,,,,,,,UNMATCHED,KYS_API_track_schoolId,KYS UDISE+ Portal API,https://kys.udiseplus.gov.in/web-app/api/school/track?schoolId=6218212,N/A,2026-09-10
3995661,23280105004,PS JODI ANJAN UPLA,MADHYA PRADESH,BARWANI,RAJPUR,,EXACT,KYS_API_track_schoolId,KYS UDISE+ Portal API,https://kys.udiseplus.gov.in/web-app/api/school/track?schoolId=3995661,HIGH,2026-09-10
2974216,,,,,,,UNMATCHED,KYS_API_track_schoolId,KYS UDISE+ Portal API,https://kys.udiseplus.gov.in/web-app/api/school/track?schoolId=2974216,N/A,2026-09-10
7277643,,,,,,,UNMATCHED,KYS_API_track_schoolId,KYS UDISE+ Portal API,https://kys.udiseplus.gov.in/web-app/api/school/track?schoolId=7277643,N/A,2026-09-10
3247900,,,,,,,UNMATCHED,KYS_API_track_schoolId,KYS UDISE+ Portal API,https://kys.udiseplus.gov.in/web-app/api/school/track?schoolId=3247900,N/A,2026-09-10
9500853,,,,,,,UNMATCHED,KYS_API_track_schoolId,KYS UDISE+ Portal API,https://kys.udiseplus.gov.in/web-app/api/school/track?schoolId=9500853,N/A,2026-09-10
4307544,,,,,,,UNMATCHED,KYS_API_track_schoolId,KYS UDISE+ Portal API,https://kys.udiseplus.gov.in/web-app/api/school/track?schoolId=4307544,N/A,2026-09-10
1870298,,,,,,,UNMATCHED,KYS_API_track_schoolId,KYS UDISE+ Portal API,https://kys.udiseplus.gov.in/web-app/api/school/track?schoolId=1870298,N/A,2026-09-10
2074996,09590807402,J H S SEMARA JHUNGAWA,UTTAR PRADESH,KUSHINAGAR,KASIA,,EXACT,KYS_API_track_schoolId,KYS UDISE+ Portal API,https://kys.udiseplus.gov.in/web-app/api/school/track?schoolId=2074996,HIGH,2026-09-10
3239950,,,,,,,UNMATCHED,KYS_API_track_schoolId,KYS UDISE+ Portal API,https://kys.udiseplus.gov.in/web-app/api/school/track?schoolId=3239950,N/A,2026-09-10
2813313,,,,,,,UNMATCHED,KYS_API_track_schoolId,KYS UDISE+ Portal API,https://kys.udiseplus.gov.in/web-app/api/school/track?schoolId=2813313,N/A,2026-09-10
9489217,,,,,,,UNMATCHED,KYS_API_track_schoolId,KYS UDISE+ Portal API,https://kys.udiseplus.gov.in/web-app/api/school/track?schoolId=9489217,N/A,2026-09-10
8964815,,,,,,,UNMATCHED,KYS_API_track_schoolId,KYS UDISE+ Portal API,https://kys.udiseplus.gov.in/web-app/api/school/track?schoolId=8964815,N/A,2026-09-10
3239244,,,,,,,UNMATCHED,KYS_API_track_schoolId,KYS UDISE+ Portal API,https://kys.udiseplus.gov.in/web-app/api/school/track?schoolId=3239244,N/A,2026-09-10
4669260,28145900811,MPPS ADARSANAGAR,ANDHRA PRADESH,KONASEEMA,SAKHINETIPALLI,,EXACT,KYS_API_track_schoolId,KYS UDISE+ Portal API,https://kys.udiseplus.gov.in/web-app/api/school/track?schoolId=4669260,HIGH,2026-09-10
1201653,03040112504,"GHS KOT SADIQ
",PUNJAB,JALANDHAR,WEST-01,,EXACT,KYS_API_track_schoolId,KYS UDISE+ Portal API,https://kys.udiseplus.gov.in/web-app/api/school/track?schoolId=1201653,HIGH,2026-09-10
1941312,09261505601,P.S. KHESUA,UTTAR PRADESH,UNNAO,BIGHAPUR,,EXACT,KYS_API_track_schoolId,KYS UDISE+ Portal API,https://kys.udiseplus.gov.in/web-app/api/school/track?schoolId=1941312,HIGH,2026-09-10
8559639,,,,,,,UNMATCHED,KYS_API_track_schoolId,KYS UDISE+ Portal API,https://kys.udiseplus.gov.in/web-app/api/school/track?schoolId=8559639,N/A,2026-09-10
3202407,17060900214,WOMEN'S COLLEGE,MEGHALAYA,EAST KHASI HILLS,SHILLONG MUNICIPAL AND CANTT.,,EXACT,KYS_API_track_schoolId,KYS UDISE+ Portal API,https://kys.udiseplus.gov.in/web-app/api/school/track?schoolId=3202407,HIGH,2026-09-10
7836339,,,,,,,UNMATCHED,KYS_API_track_schoolId,KYS UDISE+ Portal API,https://kys.udiseplus.gov.in/web-app/api/school/track?schoolId=7836339,N/A,2026-09-10
7377602,,,,,,,UNMATCHED,KYS_API_track_schoolId,KYS UDISE+ Portal API,https://kys.udiseplus.gov.in/web-app/api/school/track?schoolId=7377602,N/A,2026-09-10
7779413,,,,,,,UNMATCHED,KYS_API_track_schoolId,KYS UDISE+ Portal API,https://kys.udiseplus.gov.in/web-app/api/school/track?schoolId=7779413,N/A,2026-09-10
7968704,,,,,,,UNMATCHED,KYS_API_track_schoolId,KYS UDISE+ Portal API,https://kys.udiseplus.gov.in/web-app/api/school/track?schoolId=7968704,N/A,2026-09-10
1428956,,,,,,,UNMATCHED,KYS_API_track_schoolId,KYS UDISE+ Portal API,https://kys.udiseplus.gov.in/web-app/api/school/track?schoolId=1428956,N/A,2026-09-10
4763024,,,,,,,UNMATCHED,KYS_API_track_schoolId,KYS UDISE+ Portal API,https://kys.udiseplus.gov.in/web-app/api/school/track?schoolId=4763024,N/A,2026-09-10
2995105,,,,,,,UNMATCHED,KYS_API_track_schoolId,KYS UDISE+ Portal API,https://kys.udiseplus.gov.in/web-app/api/school/track?schoolId=2995105,N/A,2026-09-10
8690688,,,,,,,UNMATCHED,KYS_API_track_schoolId,KYS UDISE+ Portal API,https://kys.udiseplus.gov.in/web-app/api/school/track?schoolId=8690688,N/A,2026-09-10
3574825,,,,,,,UNMATCHED,KYS_API_track_schoolId,KYS UDISE+ Portal API,https://kys.udiseplus.gov.in/web-app/api/school/track?schoolId=3574825,N/A,2026-09-10
8773169,,,,,,,UNMATCHED,KYS_API_track_schoolId,KYS UDISE+ Portal API,https://kys.udiseplus.gov.in/web-app/api/school/track?schoolId=8773169,N/A,2026-09-10
3430360,19061516601,PURBA SUNDARPUR PRIMARY SCHOOL,WEST BENGAL,MALDAH,GAZOLE,,EXACT,KYS_API_track_schoolId,KYS UDISE+ Portal API,https://kys.udiseplus.gov.in/web-app/api/school/track?schoolId=3430360,HIGH,2026-09-10
7119987,,,,,,,UNMATCHED,KYS_API_track_schoolId,KYS UDISE+ Portal API,https://kys.udiseplus.gov.in/web-app/api/school/track?schoolId=7119987,N/A,2026-09-10
7899327,,,,,,,UNMATCHED,KYS_API_track_schoolId,KYS UDISE+ Portal API,https://kys.udiseplus.gov.in/web-app/api/school/track?schoolId=7899327,N/A,2026-09-10
9331599,,,,,,,UNMATCHED,KYS_API_track_schoolId,KYS UDISE+ Portal API,https://kys.udiseplus.gov.in/web-app/api/school/track?schoolId=9331599,N/A,2026-09-10
4596628,27091506910,C.P.BERAR HIGH SCH JR.C,MAHARASHTRA,NAGPUR,URC 2,,EXACT,KYS_API_track_schoolId,KYS UDISE+ Portal API,https://kys.udiseplus.gov.in/web-app/api/school/track?schoolId=4596628,HIGH,2026-09-10
5104314,33030203601,CSIPS MELPODAVUR,TAMILNADU,KANCHEEPURAM,WALAJABAD,,EXACT,KYS_API_track_schoolId,KYS UDISE+ Portal API,https://kys.udiseplus.gov.in/web-app/api/school/track?schoolId=5104314,HIGH,2026-09-10
9783338,,,,,,,UNMATCHED,KYS_API_track_schoolId,KYS UDISE+ Portal API,https://kys.udiseplus.gov.in/web-app/api/school/track?schoolId=9783338,N/A,2026-09-10
6843814,,,,,,,UNMATCHED,KYS_API_track_schoolId,KYS UDISE+ Portal API,https://kys.udiseplus.gov.in/web-app/api/school/track?schoolId=6843814,N/A,2026-09-10
9088586,,,,,,,UNMATCHED,KYS_API_track_schoolId,KYS UDISE+ Portal API,https://kys.udiseplus.gov.in/web-app/api/school/track?schoolId=9088586,N/A,2026-09-10
2517500,,,,,,,UNMATCHED,KYS_API_track_schoolId,KYS UDISE+ Portal API,https://kys.udiseplus.gov.in/web-app/api/school/track?schoolId=2517500,N/A,2026-09-10
6047180,,,,,,,UNMATCHED,KYS_API_track_schoolId,KYS UDISE+ Portal API,https://kys.udiseplus.gov.in/web-app/api/school/track?schoolId=6047180,N/A,2026-09-10
7644751,,,,,,,UNMATCHED,KYS_API_track_schoolId,KYS UDISE+ Portal API,https://kys.udiseplus.gov.in/web-app/api/school/track?schoolId=7644751,N/A,2026-09-10
3961132,23140312701,PS BAMURIHA,MADHYA PRADESH,MAUGANJ,MAUGANJ,,EXACT,KYS_API_track_schoolId,KYS UDISE+ Portal API,https://kys.udiseplus.gov.in/web-app/api/school/track?schoolId=3961132,HIGH,2026-09-10
2120265,09220516501,PS. RAKHIYA KHURD,UTTAR PRADESH,SHAHJAHANPUR,SINDHAULI,,EXACT,KYS_API_track_schoolId,KYS UDISE+ Portal API,https://kys.udiseplus.gov.in/web-app/api/school/track?schoolId=2120265,HIGH,2026-09-10
9314351,,,,,,,UNMATCHED,KYS_API_track_schoolId,KYS UDISE+ Portal API,https://kys.udiseplus.gov.in/web-app/api/school/track?schoolId=9314351,N/A,2026-09-10
3610099,20060518307,SWAMI VIVEKANAND PUBLIC HIGH SCHOOL KHARAGDIHA,JHARKHAND,GIRIDIH,JAMUA,,EXACT,KYS_API_track_schoolId,KYS UDISE+ Portal API,https://kys.udiseplus.gov.in/web-app/api/school/track?schoolId=3610099,HIGH,2026-09-10
4198470,,,,,,,UNMATCHED,KYS_API_track_schoolId,KYS UDISE+ Portal API,https://kys.udiseplus.gov.in/web-app/api/school/track?schoolId=4198470,N/A,2026-09-10
6302679,,,,,,,UNMATCHED,KYS_API_track_schoolId,KYS UDISE+ Portal API,https://kys.udiseplus.gov.in/web-app/api/school/track?schoolId=6302679,N/A,2026-09-10
3234206,,,,,,,UNMATCHED,KYS_API_track_schoolId,KYS UDISE+ Portal API,https://kys.udiseplus.gov.in/web-app/api/school/track?schoolId=3234206,N/A,2026-09-10
2667744,,,,,,,UNMATCHED,KYS_API_track_schoolId,KYS UDISE+ Portal API,https://kys.udiseplus.gov.in/web-app/api/school/track?schoolId=2667744,N/A,2026-09-10
2398436,,,,,,,UNMATCHED,KYS_API_track_schoolId,KYS UDISE+ Portal API,https://kys.udiseplus.gov.in/web-app/api/school/track?schoolId=2398436,N/A,2026-09-10
5004881,32050200807,GMLPS MORAYUR,KERALA,MALAPPURAM,KONDOTTY,,EXACT,KYS_API_track_schoolId,KYS UDISE+ Portal API,https://kys.udiseplus.gov.in/web-app/api/school/track?schoolId=5004881,HIGH,2026-09-10
8542310,,,,,,,UNMATCHED,KYS_API_track_schoolId,KYS UDISE+ Portal API,https://kys.udiseplus.gov.in/web-app/api/school/track?schoolId=8542310,N/A,2026-09-10
7195284,,,,,,,UNMATCHED,KYS_API_track_schoolId,KYS UDISE+ Portal API,https://kys.udiseplus.gov.in/web-app/api/school/track?schoolId=7195284,N/A,2026-09-10
2981330,,,,,,,UNMATCHED,KYS_API_track_schoolId,KYS UDISE+ Portal API,https://kys.udiseplus.gov.in/web-app/api/school/track?schoolId=2981330,N/A,2026-09-10
8844622,,,,,,,UNMATCHED,KYS_API_track_schoolId,KYS UDISE+ Portal API,https://kys.udiseplus.gov.in/web-app/api/school/track?schoolId=8844622,N/A,2026-09-10
2973977,,,,,,,UNMATCHED,KYS_API_track_schoolId,KYS UDISE+ Portal API,https://kys.udiseplus.gov.in/web-app/api/school/track?schoolId=2973977,N/A,2026-09-10
2640248,,,,,,,UNMATCHED,KYS_API_track_schoolId,KYS UDISE+ Portal API,https://kys.udiseplus.gov.in/web-app/api/school/track?schoolId=2640248,N/A,2026-09-10
3294274,,,,,,,UNMATCHED,KYS_API_track_schoolId,KYS UDISE+ Portal API,https://kys.udiseplus.gov.in/web-app/api/school/track?schoolId=3294274,N/A,2026-09-10
9474889,,,,,,,UNMATCHED,KYS_API_track_schoolId,KYS UDISE+ Portal API,https://kys.udiseplus.gov.in/web-app/api/school/track?schoolId=9474889,N/A,2026-09-10
8397297,,,,,,,UNMATCHED,KYS_API_track_schoolId,KYS UDISE+ Portal API,https://kys.udiseplus.gov.in/web-app/api/school/track?schoolId=8397297,N/A,2026-09-10
3265133,,,,,,,UNMATCHED,KYS_API_track_schoolId,KYS UDISE+ Portal API,https://kys.udiseplus.gov.in/web-app/api/school/track?schoolId=3265133,N/A,2026-09-10
3472874,19251814701,RAMNAGAR F.P. SCHOOL,WEST BENGAL,PURBA BARDHAMAN,MONGALKOTE,,EXACT,KYS_API_track_schoolId,KYS UDISE+ Portal API,https://kys.udiseplus.gov.in/web-app/api/school/track?schoolId=3472874,HIGH,2026-09-10
2882398,,,,,,,UNMATCHED,KYS_API_track_schoolId,KYS UDISE+ Portal API,https://kys.udiseplus.gov.in/web-app/api/school/track?schoolId=2882398,N/A,2026-09-10
2817911,,,,,,,UNMATCHED,KYS_API_track_schoolId,KYS UDISE+ Portal API,https://kys.udiseplus.gov.in/web-app/api/school/track?schoolId=2817911,N/A,2026-09-10
7877077,,,,,,,UNMATCHED,KYS_API_track_schoolId,KYS UDISE+ Portal API,https://kys.udiseplus.gov.in/web-app/api/school/track?schoolId=7877077,N/A,2026-09-10
4648184,,,,,,,UNMATCHED,KYS_API_track_schoolId,KYS UDISE+ Portal API,https://kys.udiseplus.gov.in/web-app/api/school/track?schoolId=4648184,N/A,2026-09-10
6515471,,,,,,,UNMATCHED,KYS_API_track_schoolId,KYS UDISE+ Portal API,https://kys.udiseplus.gov.in/web-app/api/school/track?schoolId=6515471,N/A,2026-09-10
9992775,,,,,,,UNMATCHED,KYS_API_track_schoolId,KYS UDISE+ Portal API,https://kys.udiseplus.gov.in/web-app/api/school/track?schoolId=9992775,N/A,2026-09-10
6793001,,,,,,,UNMATCHED,KYS_API_track_schoolId,KYS UDISE+ Portal API,https://kys.udiseplus.gov.in/web-app/api/school/track?schoolId=6793001,N/A,2026-09-10
4103354,,,,,,,UNMATCHED,KYS_API_track_schoolId,KYS UDISE+ Portal API,https://kys.udiseplus.gov.in/web-app/api/school/track?schoolId=4103354,N/A,2026-09-10
1038422,,,,,,,UNMATCHED,KYS_API_track_schoolId,KYS UDISE+ Portal API,https://kys.udiseplus.gov.in/web-app/api/school/track?schoolId=1038422,N/A,2026-09-10
8762243,,,,,,,UNMATCHED,KYS_API_track_schoolId,KYS UDISE+ Portal API,https://kys.udiseplus.gov.in/web-app/api/school/track?schoolId=8762243,N/A,2026-09-10
9645038,,,,,,,UNMATCHED,KYS_API_track_schoolId,KYS UDISE+ Portal API,https://kys.udiseplus.gov.in/web-app/api/school/track?schoolId=9645038,N/A,2026-09-10
9907157,,,,,,,UNMATCHED,KYS_API_track_schoolId,KYS UDISE+ Portal API,https://kys.udiseplus.gov.in/web-app/api/school/track?schoolId=9907157,N/A,2026-09-10
3309288,18240121601,PASCHIM PATKIJULI LPS,ASSAM,TAMULPUR,TAMULPUR,,EXACT,KYS_API_track_schoolId,KYS UDISE+ Portal API,https://kys.udiseplus.gov.in/web-app/api/school/track?schoolId=3309288,HIGH,2026-09-10
9876756,,,,,,,UNMATCHED,KYS_API_track_schoolId,KYS UDISE+ Portal API,https://kys.udiseplus.gov.in/web-app/api/school/track?schoolId=9876756,N/A,2026-09-10
9639983,,,,,,,UNMATCHED,KYS_API_track_schoolId,KYS UDISE+ Portal API,https://kys.udiseplus.gov.in/web-app/api/school/track?schoolId=9639983,N/A,2026-09-10
1968476,09320405301,PS CHIRAIYAPUR,UTTAR PRADESH,AURAIYA,AIRWAKATRA,,EXACT,KYS_API_track_schoolId,KYS UDISE+ Portal API,https://kys.udiseplus.gov.in/web-app/api/school/track?schoolId=1968476,HIGH,2026-09-10
9484103,,,,,,,UNMATCHED,KYS_API_track_schoolId,KYS UDISE+ Portal API,https://kys.udiseplus.gov.in/web-app/api/school/track?schoolId=9484103,N/A,2026-09-10
2888523,,,,,,,UNMATCHED,KYS_API_track_schoolId,KYS UDISE+ Portal API,https://kys.udiseplus.gov.in/web-app/api/school/track?schoolId=2888523,N/A,2026-09-10
4115533,,,,,,,UNMATCHED,KYS_API_track_schoolId,KYS UDISE+ Portal API,https://kys.udiseplus.gov.in/web-app/api/school/track?schoolId=4115533,N/A,2026-09-10
8936841,,,,,,,UNMATCHED,KYS_API_track_schoolId,KYS UDISE+ Portal API,https://kys.udiseplus.gov.in/web-app/api/school/track?schoolId=8936841,N/A,2026-09-10
7725270,,,,,,,UNMATCHED,KYS_API_track_schoolId,KYS UDISE+ Portal API,https://kys.udiseplus.gov.in/web-app/api/school/track?schoolId=7725270,N/A,2026-09-10
7095956,,,,,,,UNMATCHED,KYS_API_track_schoolId,KYS UDISE+ Portal API,https://kys.udiseplus.gov.in/web-app/api/school/track?schoolId=7095956,N/A,2026-09-10
7534991,,,,,,,UNMATCHED,KYS_API_track_schoolId,KYS UDISE+ Portal API,https://kys.udiseplus.gov.in/web-app/api/school/track?schoolId=7534991,N/A,2026-09-10
9594945,,,,,,,UNMATCHED,KYS_API_track_schoolId,KYS UDISE+ Portal API,https://kys.udiseplus.gov.in/web-app/api/school/track?schoolId=9594945,N/A,2026-09-10
4066781,23094101037,J P EDGE FOUNDATION SCHOOL,MADHYA PRADESH,CHHATARPUR,ISHANAGAAR,,EXACT,KYS_API_track_schoolId,KYS UDISE+ Portal API,https://kys.udiseplus.gov.in/web-app/api/school/track?schoolId=4066781,HIGH,2026-09-10
6892576,,,,,,,UNMATCHED,KYS_API_track_schoolId,KYS UDISE+ Portal API,https://kys.udiseplus.gov.in/web-app/api/school/track?schoolId=6892576,N/A,2026-09-10
7591146,,,,,,,UNMATCHED,KYS_API_track_schoolId,KYS UDISE+ Portal API,https://kys.udiseplus.gov.in/web-app/api/school/track?schoolId=7591146,N/A,2026-09-10
4008340,23340224002,GPS JAMUNIYA DHWAJ,MADHYA PRADESH,RAISEN,BEGAMGANJ,,EXACT,KYS_API_track_schoolId,KYS UDISE+ Portal API,https://kys.udiseplus.gov.in/web-app/api/school/track?schoolId=4008340,HIGH,2026-09-10
2699325,,,,,,,UNMATCHED,KYS_API_track_schoolId,KYS UDISE+ Portal API,https://kys.udiseplus.gov.in/web-app/api/school/track?schoolId=2699325,N/A,2026-09-10
9731746,,,,,,,UNMATCHED,KYS_API_track_schoolId,KYS UDISE+ Portal API,https://kys.udiseplus.gov.in/web-app/api/school/track?schoolId=9731746,N/A,2026-09-10
5293710,,,,,,,UNMATCHED,KYS_API_track_schoolId,KYS UDISE+ Portal API,https://kys.udiseplus.gov.in/web-app/api/school/track?schoolId=5293710,N/A,2026-09-10
2459941,10280700618,NAINO GYANDEEP NIKETAN,BIHAR,PATNA,MANER,,EXACT,KYS_API_track_schoolId,KYS UDISE+ Portal API,https://kys.udiseplus.gov.in/web-app/api/school/track?schoolId=2459941,HIGH,2026-09-10
8059160,,,,,,,UNMATCHED,KYS_API_track_schoolId,KYS UDISE+ Portal API,https://kys.udiseplus.gov.in/web-app/api/school/track?schoolId=8059160,N/A,2026-09-10
4476345,,,,,,,UNMATCHED,KYS_API_track_schoolId,KYS UDISE+ Portal API,https://kys.udiseplus.gov.in/web-app/api/school/track?schoolId=4476345,N/A,2026-09-10
3125951,,,,,,,UNMATCHED,KYS_API_track_schoolId,KYS UDISE+ Portal API,https://kys.udiseplus.gov.in/web-app/api/school/track?schoolId=3125951,N/A,2026-09-10
3776932,,,,,,,UNMATCHED,KYS_API_track_schoolId,KYS UDISE+ Portal API,https://kys.udiseplus.gov.in/web-app/api/school/track?schoolId=3776932,N/A,2026-09-10
9252418,,,,,,,UNMATCHED,KYS_API_track_schoolId,KYS UDISE+ Portal API,https://kys.udiseplus.gov.in/web-app/api/school/track?schoolId=9252418,N/A,2026-09-10
4284530,,,,,,,UNMATCHED,KYS_API_track_schoolId,KYS UDISE+ Portal API,https://kys.udiseplus.gov.in/web-app/api/school/track?schoolId=4284530,N/A,2026-09-10
6509917,,,,,,,UNMATCHED,KYS_API_track_schoolId,KYS UDISE+ Portal API,https://kys.udiseplus.gov.in/web-app/api/school/track?schoolId=6509917,N/A,2026-09-10
2045586,09180403602,COMPOSITE PRIMARY MALPUR,UTTAR PRADESH,MAINPURI,SULTANGANJ,,EXACT,KYS_API_track_schoolId,KYS UDISE+ Portal API,https://kys.udiseplus.gov.in/web-app/api/school/track?schoolId=2045586,HIGH,2026-09-10
6250012,,,,,,,UNMATCHED,KYS_API_track_schoolId,KYS UDISE+ Portal API,https://kys.udiseplus.gov.in/web-app/api/school/track?schoolId=6250012,N/A,2026-09-10
2444991,10180202301,UMS SAIDPUR PATEDHA,BIHAR,VAISHALI,BHAGWANPUR,,EXACT,KYS_API_track_schoolId,KYS UDISE+ Portal API,https://kys.udiseplus.gov.in/web-app/api/school/track?schoolId=2444991,HIGH,2026-09-10
3907185,23340611005,MS GUNDRAI (PRATAPGARH),MADHYA PRADESH,RAISEN,SILWANI,,EXACT,KYS_API_track_schoolId,KYS UDISE+ Portal API,https://kys.udiseplus.gov.in/web-app/api/school/track?schoolId=3907185,HIGH,2026-09-10
